NAME	GS<br> follow link to MSigDB	GS DETAILS	SIZE	ES	NES	NOM p-val	FDR q-val	FWER p-val	RANK AT MAX	LEADING EDGE	
GOBP_DNA_REPLICATION	GOBP_DNA_REPLICATION	Details ...	62	-0.6274958	-2.5025382	0.0	0.0	0.0	448	tags=74%, list=20%, signal=90%	
GOBP_DNA_METABOLIC_PROCESS	GOBP_DNA_METABOLIC_PROCESS	Details ...	140	-0.5247496	-2.424577	0.0	0.0	0.0	489	tags=63%, list=22%, signal=75%	
GOBP_DNA_TEMPLATED_DNA_REPLICATION	GOBP_DNA_TEMPLATED_DNA_REPLICATION	Details ...	41	-0.64924806	-2.3888245	0.0	0.0	0.0	412	tags=73%, list=18%, signal=88%	
GOBP_DNA_REPAIR	GOBP_DNA_REPAIR	Details ...	82	-0.5636086	-2.337725	0.0	0.0	0.0	511	tags=67%, list=23%, signal=84%	
GOBP_RIBOSOME_BIOGENESIS	GOBP_RIBOSOME_BIOGENESIS	Details ...	29	-0.66788614	-2.2663085	0.0	1.9028697E-4	0.001	354	tags=59%, list=16%, signal=69%	
GOBP_RIBONUCLEOPROTEIN_COMPLEX_BIOGENESIS	GOBP_RIBONUCLEOPROTEIN_COMPLEX_BIOGENESIS	Details ...	42	-0.6095551	-2.2621949	0.0	3.4228945E-4	0.002	394	tags=60%, list=18%, signal=71%	
GOBP_CHROMOSOME_SEGREGATION	GOBP_CHROMOSOME_SEGREGATION	Details ...	63	-0.54733104	-2.224557	0.0	7.305177E-4	0.005	483	tags=73%, list=22%, signal=91%	
GOBP_REGULATION_OF_CELL_CYCLE_PHASE_TRANSITION	GOBP_REGULATION_OF_CELL_CYCLE_PHASE_TRANSITION	Details ...	71	-0.5356907	-2.2207963	0.0	7.605431E-4	0.006	386	tags=61%, list=17%, signal=71%	
GOBP_DOUBLE_STRAND_BREAK_REPAIR	GOBP_DOUBLE_STRAND_BREAK_REPAIR	Details ...	45	-0.5758296	-2.2030773	0.0	7.8198715E-4	0.007	526	tags=73%, list=24%, signal=94%	
GOBP_CHROMOSOME_LOCALIZATION	GOBP_CHROMOSOME_LOCALIZATION	Details ...	20	-0.69714373	-2.1912541	0.0	8.071457E-4	0.008	456	tags=90%, list=20%, signal=112%	
GOBP_REGULATION_OF_CELL_CYCLE_G2_M_PHASE_TRANSITION	GOBP_REGULATION_OF_CELL_CYCLE_G2_M_PHASE_TRANSITION	Details ...	25	-0.66784966	-2.1747928	0.0	9.160109E-4	0.01	386	tags=76%, list=17%, signal=91%	
GOBP_NEGATIVE_REGULATION_OF_CELL_CYCLE_PROCESS	GOBP_NEGATIVE_REGULATION_OF_CELL_CYCLE_PROCESS	Details ...	55	-0.5354306	-2.1146078	0.0	0.0029151856	0.034	386	tags=58%, list=17%, signal=69%	
GOBP_REGULATION_OF_MITOTIC_CELL_CYCLE_PHASE_TRANSITION	GOBP_REGULATION_OF_MITOTIC_CELL_CYCLE_PHASE_TRANSITION	Details ...	48	-0.5593544	-2.1006908	0.0	0.0034727498	0.043	386	tags=67%, list=17%, signal=79%	
GOBP_NEGATIVE_REGULATION_OF_MITOTIC_CELL_CYCLE_PHASE_TRANSITION	GOBP_NEGATIVE_REGULATION_OF_MITOTIC_CELL_CYCLE_PHASE_TRANSITION	Details ...	31	-0.6028383	-2.099309	0.0	0.003305287	0.044	386	tags=71%, list=17%, signal=85%	
GOBP_REGULATION_OF_DNA_METABOLIC_PROCESS	GOBP_REGULATION_OF_DNA_METABOLIC_PROCESS	Details ...	65	-0.516251	-2.0831263	0.0	0.0043270593	0.063	412	tags=57%, list=18%, signal=68%	
GOBP_CELL_CYCLE_PROCESS	GOBP_CELL_CYCLE_PROCESS	Details ...	193	-0.43087497	-2.0731046	0.0	0.0049331277	0.076	489	tags=54%, list=22%, signal=64%	
GOBP_CELL_DIVISION	GOBP_CELL_DIVISION	Details ...	93	-0.48869628	-2.0731003	0.0	0.004642944	0.076	487	tags=57%, list=22%, signal=70%	
GOBP_DNA_RECOMBINATION	GOBP_DNA_RECOMBINATION	Details ...	45	-0.56350476	-2.072024	0.0	0.004553119	0.079	534	tags=76%, list=24%, signal=97%	
GOBP_CELL_CYCLE_PHASE_TRANSITION	GOBP_CELL_CYCLE_PHASE_TRANSITION	Details ...	86	-0.47800425	-2.0671675	0.0	0.00477926	0.088	402	tags=55%, list=18%, signal=64%	
GOBP_REGULATION_OF_MITOTIC_CELL_CYCLE	GOBP_REGULATION_OF_MITOTIC_CELL_CYCLE	Details ...	77	-0.50115234	-2.0625057	0.0	0.004939617	0.095	365	tags=53%, list=16%, signal=61%	
GOBP_CELL_CYCLE_CHECKPOINT_SIGNALING	GOBP_CELL_CYCLE_CHECKPOINT_SIGNALING		42	-0.5688064	-2.0563676	0.0	0.0050840736	0.101	386	tags=64%, list=17%, signal=76%	
GOBP_METAPHASE_CHROMOSOME_ALIGNMENT	GOBP_METAPHASE_CHROMOSOME_ALIGNMENT		18	-0.6868648	-2.0555735	0.0	0.004897403	0.102	456	tags=89%, list=20%, signal=111%	
GOBP_RRNA_PROCESSING	GOBP_RRNA_PROCESSING		20	-0.65640366	-2.0470698	0.0025	0.0051210597	0.112	438	tags=70%, list=20%, signal=86%	
GOBP_REGULATION_OF_CELL_CYCLE_PROCESS	GOBP_REGULATION_OF_CELL_CYCLE_PROCESS		116	-0.45126426	-2.0422091	0.0	0.0053212782	0.122	386	tags=51%, list=17%, signal=58%	
GOBP_NEGATIVE_REGULATION_OF_NUCLEAR_DIVISION	GOBP_NEGATIVE_REGULATION_OF_NUCLEAR_DIVISION		17	-0.6820249	-2.0369577	0.0	0.0054665767	0.131	478	tags=76%, list=21%, signal=97%	
GOBP_RESPONSE_TO_IONIZING_RADIATION	GOBP_RESPONSE_TO_IONIZING_RADIATION		28	-0.6182864	-2.0327916	0.0	0.0056729913	0.141	342	tags=64%, list=15%, signal=75%	
GOBP_CELL_CYCLE_G2_M_PHASE_TRANSITION	GOBP_CELL_CYCLE_G2_M_PHASE_TRANSITION		30	-0.6004622	-2.0313718	0.002915452	0.005536192	0.142	402	tags=73%, list=18%, signal=88%	
GOBP_REGULATION_OF_CHROMOSOME_SEGREGATION	GOBP_REGULATION_OF_CHROMOSOME_SEGREGATION		23	-0.6425667	-2.0223553	0.0	0.0060085645	0.159	365	tags=70%, list=16%, signal=82%	
GOBP_DNA_DAMAGE_RESPONSE	GOBP_DNA_DAMAGE_RESPONSE		136	-0.45197666	-2.0188076	0.0	0.006182349	0.166	432	tags=52%, list=19%, signal=61%	
GOBP_SPINDLE_ORGANIZATION	GOBP_SPINDLE_ORGANIZATION		31	-0.5707933	-2.0159113	0.0	0.006075473	0.168	426	tags=71%, list=19%, signal=86%	
GOBP_RESPONSE_TO_RADIATION	GOBP_RESPONSE_TO_RADIATION		66	-0.502667	-2.0113792	0.0	0.0063696736	0.18	342	tags=41%, list=15%, signal=47%	
GOBP_REGULATION_OF_DNA_REPLICATION	GOBP_REGULATION_OF_DNA_REPLICATION		17	-0.681849	-2.003588	0.0	0.006849538	0.199	448	tags=82%, list=20%, signal=102%	
GOBP_CHROMOSOME_ORGANIZATION	GOBP_CHROMOSOME_ORGANIZATION		80	-0.47344255	-1.9989669	0.0	0.007065925	0.21	487	tags=61%, list=22%, signal=76%	
GOBP_RECOMBINATIONAL_REPAIR	GOBP_RECOMBINATIONAL_REPAIR		29	-0.59133154	-1.9969382	0.0	0.0070028002	0.214	526	tags=76%, list=24%, signal=98%	
GOBP_POSITIVE_REGULATION_OF_DNA_METABOLIC_PROCESS	GOBP_POSITIVE_REGULATION_OF_DNA_METABOLIC_PROCESS		42	-0.5489734	-1.9898176	0.0	0.007268307	0.226	398	tags=62%, list=18%, signal=74%	
GOBP_MITOTIC_CELL_CYCLE	GOBP_MITOTIC_CELL_CYCLE		143	-0.43218327	-1.9882839	0.0	0.0072562257	0.233	426	tags=51%, list=19%, signal=59%	
GOBP_CHROMOSOME_SEPARATION	GOBP_CHROMOSOME_SEPARATION		15	-0.7087113	-1.9882233	0.0	0.0070601115	0.233	459	tags=87%, list=21%, signal=108%	
GOBP_MICROTUBULE_ORGANIZING_CENTER_ORGANIZATION	GOBP_MICROTUBULE_ORGANIZING_CENTER_ORGANIZATION		22	-0.6125763	-1.9787103	0.0024875621	0.007820676	0.263	426	tags=64%, list=19%, signal=78%	
GOBP_MITOTIC_CELL_CYCLE_PHASE_TRANSITION	GOBP_MITOTIC_CELL_CYCLE_PHASE_TRANSITION		63	-0.49195328	-1.9742519	0.0	0.008129216	0.278	402	tags=57%, list=18%, signal=68%	
GOBP_CELL_CYCLE	GOBP_CELL_CYCLE		242	-0.4004961	-1.9740028	0.0	0.007925985	0.278	489	tags=50%, list=22%, signal=57%	
GOBP_RRNA_METABOLIC_PROCESS	GOBP_RRNA_METABOLIC_PROCESS		26	-0.60194373	-1.970764	0.0	0.008093724	0.287	394	tags=54%, list=18%, signal=65%	
GOBP_SISTER_CHROMATID_SEGREGATION	GOBP_SISTER_CHROMATID_SEGREGATION		36	-0.5617319	-1.9668827	0.0	0.008369045	0.298	459	tags=75%, list=21%, signal=93%	
GOBP_MITOTIC_SPINDLE_ORGANIZATION	GOBP_MITOTIC_SPINDLE_ORGANIZATION		22	-0.62323284	-1.9593714	0.0	0.00899762	0.322	426	tags=82%, list=19%, signal=100%	
GOBP_NUCLEAR_CHROMOSOME_SEGREGATION	GOBP_NUCLEAR_CHROMOSOME_SEGREGATION		46	-0.5192336	-1.9448128	0.0028901733	0.010008645	0.365	481	tags=72%, list=22%, signal=90%	
GOBP_MITOTIC_CELL_CYCLE_PROCESS	GOBP_MITOTIC_CELL_CYCLE_PROCESS		119	-0.43309698	-1.932607	0.0	0.011220829	0.4	426	tags=53%, list=19%, signal=62%	
GOBP_MITOTIC_SISTER_CHROMATID_SEGREGATION	GOBP_MITOTIC_SISTER_CHROMATID_SEGREGATION		33	-0.5545319	-1.9194127	0.0	0.012659309	0.441	459	tags=76%, list=21%, signal=94%	
GOBP_REGULATION_OF_CELL_CYCLE	GOBP_REGULATION_OF_CELL_CYCLE		163	-0.40145355	-1.8750122	0.0	0.019597864	0.607	402	tags=44%, list=18%, signal=50%	
GOBP_NEGATIVE_REGULATION_OF_CELL_CYCLE	GOBP_NEGATIVE_REGULATION_OF_CELL_CYCLE		66	-0.4703615	-1.8647428	0.0	0.021381551	0.656	402	tags=52%, list=18%, signal=61%	
GOBP_NEGATIVE_REGULATION_OF_MITOTIC_CELL_CYCLE	GOBP_NEGATIVE_REGULATION_OF_MITOTIC_CELL_CYCLE		39	-0.51096535	-1.8499207	0.0	0.024112955	0.702	386	tags=62%, list=17%, signal=73%	
GOBP_MITOTIC_CELL_CYCLE_CHECKPOINT_SIGNALING	GOBP_MITOTIC_CELL_CYCLE_CHECKPOINT_SIGNALING		30	-0.54058367	-1.8389224	0.005509642	0.02574675	0.732	386	tags=63%, list=17%, signal=76%	
GOBP_REGULATION_OF_DNA_REPAIR	GOBP_REGULATION_OF_DNA_REPAIR		30	-0.5416819	-1.8379189	0.0025773195	0.025598926	0.735	412	tags=57%, list=18%, signal=69%	
GOBP_MITOTIC_NUCLEAR_DIVISION	GOBP_MITOTIC_NUCLEAR_DIVISION		51	-0.48138773	-1.8327752	0.0	0.026541848	0.752	474	tags=63%, list=21%, signal=78%	
GOBP_CELL_CYCLE_G1_S_PHASE_TRANSITION	GOBP_CELL_CYCLE_G1_S_PHASE_TRANSITION		30	-0.51771355	-1.8136144	0.0026809652	0.03091974	0.807	247	tags=47%, list=11%, signal=52%	
GOBP_REGULATION_OF_SISTER_CHROMATID_SEGREGATION	GOBP_REGULATION_OF_SISTER_CHROMATID_SEGREGATION		19	-0.5951622	-1.8049626	0.0077120825	0.032918435	0.831	459	tags=74%, list=21%, signal=92%	
GOBP_ORGANELLE_FISSION	GOBP_ORGANELLE_FISSION		80	-0.4266844	-1.7814131	0.0031746032	0.039996933	0.884	498	tags=58%, list=22%, signal=71%	
GOBP_REGULATION_OF_MITOTIC_NUCLEAR_DIVISION	GOBP_REGULATION_OF_MITOTIC_NUCLEAR_DIVISION		26	-0.5449264	-1.7810566	0.010471204	0.039373245	0.886	459	tags=62%, list=21%, signal=77%	
GOBP_CELLULAR_SENESCENCE	GOBP_CELLULAR_SENESCENCE		15	-0.6124464	-1.7790607	0.015151516	0.039546363	0.892	402	tags=60%, list=18%, signal=73%	
GOBP_NEGATIVE_REGULATION_OF_CHROMOSOME_ORGANIZATION	GOBP_NEGATIVE_REGULATION_OF_CHROMOSOME_ORGANIZATION		16	-0.60645837	-1.7761115	0.009975063	0.039829247	0.897	456	tags=75%, list=20%, signal=94%	
GOBP_POSITIVE_REGULATION_OF_CELL_CYCLE_PROCESS	GOBP_POSITIVE_REGULATION_OF_CELL_CYCLE_PROCESS		50	-0.46228048	-1.7579305	0.0	0.04595591	0.943	368	tags=56%, list=16%, signal=66%	
GOBP_MICROTUBULE_BASED_PROCESS	GOBP_MICROTUBULE_BASED_PROCESS		128	-0.38577622	-1.7551013	0.0	0.04642207	0.948	368	tags=38%, list=16%, signal=42%	
GOBP_MICROTUBULE_CYTOSKELETON_ORGANIZATION_INVOLVED_IN_MITOSIS	GOBP_MICROTUBULE_CYTOSKELETON_ORGANIZATION_INVOLVED_IN_MITOSIS		28	-0.51535666	-1.7169785	0.0025188916	0.06357887	0.979	426	tags=71%, list=19%, signal=87%	
GOBP_POSITIVE_REGULATION_OF_CELL_CYCLE	GOBP_POSITIVE_REGULATION_OF_CELL_CYCLE		59	-0.4407832	-1.7144495	0.0028901733	0.06366259	0.979	368	tags=51%, list=16%, signal=59%	
GOBP_REGULATION_OF_NUCLEAR_DIVISION	GOBP_REGULATION_OF_NUCLEAR_DIVISION		33	-0.51093787	-1.7123102	0.008196721	0.06361579	0.98	498	tags=58%, list=22%, signal=73%	
GOBP_MICROTUBULE_CYTOSKELETON_ORGANIZATION	GOBP_MICROTUBULE_CYTOSKELETON_ORGANIZATION		85	-0.4050807	-1.7043116	0.0	0.06655505	0.984	368	tags=44%, list=16%, signal=50%	
GOBP_REGULATION_OF_CHROMOSOME_ORGANIZATION	GOBP_REGULATION_OF_CHROMOSOME_ORGANIZATION		35	-0.4834551	-1.6985329	0.019444445	0.06851907	0.988	511	tags=66%, list=23%, signal=84%	
GOBP_NOTCH_SIGNALING_PATHWAY	GOBP_NOTCH_SIGNALING_PATHWAY		24	-0.5199885	-1.6941006	0.005319149	0.06946713	0.99	37	tags=13%, list=2%, signal=13%	
GOBP_STEROL_TRANSPORT	GOBP_STEROL_TRANSPORT		21	-0.54816127	-1.6902733	0.00867052	0.07082589	0.991	49	tags=24%, list=2%, signal=24%	
GOBP_POSITIVE_REGULATION_OF_KINASE_ACTIVITY	GOBP_POSITIVE_REGULATION_OF_KINASE_ACTIVITY		18	-0.56230474	-1.6879668	0.01897019	0.07113936	0.992	325	tags=39%, list=15%, signal=45%	
GOBP_RESPONSE_TO_LIGHT_STIMULUS	GOBP_RESPONSE_TO_LIGHT_STIMULUS		43	-0.4506489	-1.6840509	0.01179941	0.0722868	0.993	222	tags=23%, list=10%, signal=25%	
GOBP_POSITIVE_REGULATION_OF_IMMUNE_EFFECTOR_PROCESS	GOBP_POSITIVE_REGULATION_OF_IMMUNE_EFFECTOR_PROCESS		22	-0.5174728	-1.6825261	0.010526316	0.07216465	0.993	106	tags=27%, list=5%, signal=28%	
GOBP_POSITIVE_REGULATION_OF_DNA_REPAIR	GOBP_POSITIVE_REGULATION_OF_DNA_REPAIR		18	-0.5512633	-1.6652361	0.024449877	0.081509896	0.996	398	tags=61%, list=18%, signal=74%	
GOBP_DNA_INTEGRITY_CHECKPOINT_SIGNALING	GOBP_DNA_INTEGRITY_CHECKPOINT_SIGNALING		28	-0.5011478	-1.6641319	0.020618556	0.08103083	0.996	384	tags=57%, list=17%, signal=68%	
GOBP_MEMBRANELESS_ORGANELLE_ASSEMBLY	GOBP_MEMBRANELESS_ORGANELLE_ASSEMBLY		54	-0.43771368	-1.6619542	0.0	0.081140436	0.996	368	tags=46%, list=16%, signal=54%	
GOBP_NUCLEOSOME_ORGANIZATION	GOBP_NUCLEOSOME_ORGANIZATION		15	-0.57713354	-1.6602628	0.015	0.08102794	0.996	380	tags=40%, list=17%, signal=48%	
GOBP_REGULATION_OF_MITOTIC_SISTER_CHROMATID_SEGREGATION	GOBP_REGULATION_OF_MITOTIC_SISTER_CHROMATID_SEGREGATION		15	-0.5927157	-1.6576595	0.016826924	0.08149285	0.997	273	tags=60%, list=12%, signal=68%	
GOBP_ORGANELLE_MEMBRANE_FUSION	GOBP_ORGANELLE_MEMBRANE_FUSION		20	-0.5272486	-1.6446401	0.020833334	0.08944125	0.999	327	tags=50%, list=15%, signal=58%	
GOBP_REGULATION_OF_CELL_CYCLE_G1_S_PHASE_TRANSITION	GOBP_REGULATION_OF_CELL_CYCLE_G1_S_PHASE_TRANSITION		17	-0.55048025	-1.6364467	0.0315534	0.093629904	0.999	247	tags=59%, list=11%, signal=66%	
GOBP_REGULATION_OF_DOUBLE_STRAND_BREAK_REPAIR	GOBP_REGULATION_OF_DOUBLE_STRAND_BREAK_REPAIR		20	-0.5248848	-1.6278547	0.041769043	0.098480426	0.999	233	tags=45%, list=10%, signal=50%	
GOBP_POSITIVE_REGULATION_OF_CELL_DIVISION	GOBP_POSITIVE_REGULATION_OF_CELL_DIVISION		16	-0.5611788	-1.6220095	0.025706941	0.10136064	0.999	282	tags=44%, list=13%, signal=50%	
GOBP_SPINDLE_ASSEMBLY	GOBP_SPINDLE_ASSEMBLY		18	-0.5381167	-1.6199573	0.029411765	0.10175102	0.999	330	tags=67%, list=15%, signal=78%	
GOBP_RNA_PROCESSING	GOBP_RNA_PROCESSING		87	-0.37868804	-1.6153128	0.0036630037	0.10336656	0.999	396	tags=44%, list=18%, signal=51%	
GOBP_RESPONSE_TO_HYDROGEN_PEROXIDE	GOBP_RESPONSE_TO_HYDROGEN_PEROXIDE		16	-0.5390809	-1.6134318	0.037135277	0.10349515	0.999	282	tags=44%, list=13%, signal=50%	
GOBP_PHOSPHATIDYLINOSITOL_METABOLIC_PROCESS	GOBP_PHOSPHATIDYLINOSITOL_METABOLIC_PROCESS		20	-0.5115098	-1.6042795	0.028571429	0.109528854	0.999	84	tags=20%, list=4%, signal=21%	
GOBP_POSITIVE_REGULATION_OF_MITOTIC_CELL_CYCLE	GOBP_POSITIVE_REGULATION_OF_MITOTIC_CELL_CYCLE		21	-0.51204085	-1.598483	0.02173913	0.112475045	0.999	251	tags=52%, list=11%, signal=58%	
GOBP_CHROMATIN_REMODELING	GOBP_CHROMATIN_REMODELING		71	-0.38849115	-1.5901147	0.0031152647	0.11756187	0.999	398	tags=41%, list=18%, signal=48%	
GOBP_NEGATIVE_REGULATION_OF_NEURON_APOPTOTIC_PROCESS	GOBP_NEGATIVE_REGULATION_OF_NEURON_APOPTOTIC_PROCESS		20	-0.5155097	-1.5870912	0.028985508	0.11870472	1.0	133	tags=20%, list=6%, signal=21%	
GOBP_POSITIVE_REGULATION_OF_CATALYTIC_ACTIVITY	GOBP_POSITIVE_REGULATION_OF_CATALYTIC_ACTIVITY		51	-0.42038694	-1.5837578	0.015060241	0.12024228	1.0	325	tags=33%, list=15%, signal=38%	
GOBP_REGULATION_OF_MICROTUBULE_BASED_PROCESS	GOBP_REGULATION_OF_MICROTUBULE_BASED_PROCESS		35	-0.45072943	-1.5770323	0.02601156	0.124210075	1.0	416	tags=46%, list=19%, signal=55%	
GOBP_MEMBRANE_FUSION	GOBP_MEMBRANE_FUSION		23	-0.48833054	-1.5744586	0.027431421	0.12476515	1.0	127	tags=30%, list=6%, signal=32%	
GOBP_RESPONSE_TO_UV	GOBP_RESPONSE_TO_UV		27	-0.4703328	-1.5540575	0.019178081	0.14119145	1.0	222	tags=30%, list=10%, signal=33%	
GOBP_REGULATION_OF_SIGNAL_TRANSDUCTION_BY_P53_CLASS_MEDIATOR	GOBP_REGULATION_OF_SIGNAL_TRANSDUCTION_BY_P53_CLASS_MEDIATOR		21	-0.4924738	-1.536023	0.043701798	0.15597789	1.0	225	tags=43%, list=10%, signal=47%	
GOBP_CYTOKINE_MEDIATED_SIGNALING_PATHWAY	GOBP_CYTOKINE_MEDIATED_SIGNALING_PATHWAY		71	-0.37609303	-1.5326998	0.0102739725	0.1579096	1.0	83	tags=13%, list=4%, signal=13%	
GOBP_NEGATIVE_REGULATION_OF_HEMOPOIESIS	GOBP_NEGATIVE_REGULATION_OF_HEMOPOIESIS		25	-0.46749794	-1.5310205	0.040816326	0.15809838	1.0	165	tags=20%, list=7%, signal=21%	
GOBP_SIGNAL_TRANSDUCTION_IN_RESPONSE_TO_DNA_DAMAGE	GOBP_SIGNAL_TRANSDUCTION_IN_RESPONSE_TO_DNA_DAMAGE		41	-0.41915473	-1.5266268	0.029649595	0.16080365	1.0	341	tags=49%, list=15%, signal=57%	
GOBP_POSITIVE_REGULATION_OF_CELL_CYCLE_PHASE_TRANSITION	GOBP_POSITIVE_REGULATION_OF_CELL_CYCLE_PHASE_TRANSITION		19	-0.49467957	-1.5117606	0.07160494	0.17487061	1.0	358	tags=63%, list=16%, signal=75%	
GOBP_FEMALE_GAMETE_GENERATION	GOBP_FEMALE_GAMETE_GENERATION		18	-0.5079534	-1.5062052	0.04292929	0.17952725	1.0	308	tags=44%, list=14%, signal=51%	
GOBP_POSITIVE_REGULATION_OF_POST_TRANSLATIONAL_PROTEIN_MODIFICATION	GOBP_POSITIVE_REGULATION_OF_POST_TRANSLATIONAL_PROTEIN_MODIFICATION		20	-0.4714213	-1.4998211	0.067669176	0.18494241	1.0	316	tags=40%, list=14%, signal=46%	
GOBP_MYELOID_CELL_DEVELOPMENT	GOBP_MYELOID_CELL_DEVELOPMENT		20	-0.48964784	-1.4972098	0.06393862	0.18612513	1.0	25	tags=15%, list=1%, signal=15%	
GOBP_REGULATION_OF_NEURON_APOPTOTIC_PROCESS	GOBP_REGULATION_OF_NEURON_APOPTOTIC_PROCESS		33	-0.43464097	-1.4965802	0.040871933	0.18490267	1.0	154	tags=18%, list=7%, signal=19%	
GOBP_ORGANELLE_FUSION	GOBP_ORGANELLE_FUSION		26	-0.46166492	-1.4935676	0.05202312	0.18624762	1.0	327	tags=42%, list=15%, signal=49%	
GOBP_POSITIVE_REGULATION_OF_LIPID_TRANSPORT	GOBP_POSITIVE_REGULATION_OF_LIPID_TRANSPORT		15	-0.51668465	-1.4934508	0.07487923	0.18461108	1.0	23	tags=13%, list=1%, signal=13%	
GOBP_PROTEIN_MODIFICATION_BY_SMALL_PROTEIN_CONJUGATION	GOBP_PROTEIN_MODIFICATION_BY_SMALL_PROTEIN_CONJUGATION		100	-0.3450225	-1.4879925	0.01754386	0.1888614	1.0	251	tags=28%, list=11%, signal=30%	
GOBP_CELLULAR_RESPONSE_TO_REACTIVE_OXYGEN_SPECIES	GOBP_CELLULAR_RESPONSE_TO_REACTIVE_OXYGEN_SPECIES		22	-0.47090152	-1.4770064	0.053658538	0.19983901	1.0	295	tags=36%, list=13%, signal=41%	
GOBP_CHROMATIN_ORGANIZATION	GOBP_CHROMATIN_ORGANIZATION		88	-0.3526185	-1.4758422	0.013071896	0.19933994	1.0	380	tags=38%, list=17%, signal=43%	
GOBP_TUMOR_NECROSIS_FACTOR_MEDIATED_SIGNALING_PATHWAY	GOBP_TUMOR_NECROSIS_FACTOR_MEDIATED_SIGNALING_PATHWAY		20	-0.48669425	-1.4684922	0.06366048	0.20627831	1.0	310	tags=30%, list=14%, signal=35%	
GOBP_DNA_TEMPLATED_DNA_REPLICATION_MAINTENANCE_OF_FIDELITY	GOBP_DNA_TEMPLATED_DNA_REPLICATION_MAINTENANCE_OF_FIDELITY		15	-0.51005286	-1.463928	0.060606062	0.21011487	1.0	511	tags=67%, list=23%, signal=86%	
GOBP_ORGANELLE_LOCALIZATION	GOBP_ORGANELLE_LOCALIZATION		88	-0.34782115	-1.4632778	0.010791367	0.20893562	1.0	307	tags=32%, list=14%, signal=35%	
GOBP_MEIOTIC_CELL_CYCLE	GOBP_MEIOTIC_CELL_CYCLE		43	-0.39980847	-1.4625973	0.02431611	0.20781256	1.0	498	tags=56%, list=22%, signal=70%	
GOBP_NEGATIVE_REGULATION_OF_ORGANELLE_ORGANIZATION	GOBP_NEGATIVE_REGULATION_OF_ORGANELLE_ORGANIZATION		64	-0.3733556	-1.4623507	0.036253776	0.20627488	1.0	365	tags=34%, list=16%, signal=40%	
GOBP_REGULATION_OF_UBIQUITIN_DEPENDENT_PROTEIN_CATABOLIC_PROCESS	GOBP_REGULATION_OF_UBIQUITIN_DEPENDENT_PROTEIN_CATABOLIC_PROCESS		18	-0.48899856	-1.4586358	0.052256532	0.20871368	1.0	251	tags=33%, list=11%, signal=37%	
GOBP_GLYCEROLIPID_BIOSYNTHETIC_PROCESS	GOBP_GLYCEROLIPID_BIOSYNTHETIC_PROCESS		36	-0.4063558	-1.4555851	0.04812834	0.2107395	1.0	100	tags=17%, list=4%, signal=17%	
GOBP_TRNA_METABOLIC_PROCESS	GOBP_TRNA_METABOLIC_PROCESS		16	-0.49457344	-1.4532611	0.06542056	0.2116893	1.0	260	tags=50%, list=12%, signal=56%	
GOBP_ORGANELLE_ASSEMBLY	GOBP_ORGANELLE_ASSEMBLY		130	-0.31300452	-1.4464074	0.011857707	0.2182588	1.0	368	tags=32%, list=16%, signal=36%	
GOBP_POSITIVE_REGULATION_OF_LIPID_LOCALIZATION	GOBP_POSITIVE_REGULATION_OF_LIPID_LOCALIZATION		15	-0.51668465	-1.4459827	0.085427135	0.21694688	1.0	23	tags=13%, list=1%, signal=13%	
GOBP_GLYCEROLIPID_METABOLIC_PROCESS	GOBP_GLYCEROLIPID_METABOLIC_PROCESS		53	-0.37662458	-1.4385532	0.047058824	0.22451138	1.0	100	tags=13%, list=4%, signal=13%	
GOBP_CYTOSOLIC_TRANSPORT	GOBP_CYTOSOLIC_TRANSPORT		16	-0.49282083	-1.4385414	0.0839895	0.22258459	1.0	104	tags=25%, list=5%, signal=26%	
GOBP_POSITIVE_REGULATION_OF_ENDOCYTOSIS	GOBP_POSITIVE_REGULATION_OF_ENDOCYTOSIS		19	-0.47159255	-1.4384322	0.08226221	0.22081897	1.0	354	tags=37%, list=16%, signal=43%	
GOBP_PROTEIN_STABILIZATION	GOBP_PROTEIN_STABILIZATION		21	-0.47111076	-1.4370807	0.0839895	0.220711	1.0	72	tags=19%, list=3%, signal=19%	
GOBP_POSITIVE_REGULATION_OF_MITOTIC_CELL_CYCLE_PHASE_TRANSITION	GOBP_POSITIVE_REGULATION_OF_MITOTIC_CELL_CYCLE_PHASE_TRANSITION		16	-0.50145155	-1.4329643	0.06329114	0.22419137	1.0	251	tags=56%, list=11%, signal=63%	
GOBP_PROTEIN_RNA_COMPLEX_ORGANIZATION	GOBP_PROTEIN_RNA_COMPLEX_ORGANIZATION		16	-0.4996809	-1.4311439	0.07435898	0.22460034	1.0	289	tags=50%, list=13%, signal=57%	
GOBP_REGULATION_OF_CELLULAR_RESPONSE_TO_STRESS	GOBP_REGULATION_OF_CELLULAR_RESPONSE_TO_STRESS		85	-0.32975402	-1.4308261	0.013245033	0.22313261	1.0	233	tags=26%, list=10%, signal=28%	
GOBP_POST_TRANSLATIONAL_PROTEIN_MODIFICATION	GOBP_POST_TRANSLATIONAL_PROTEIN_MODIFICATION		121	-0.31806412	-1.4267486	0.015873017	0.22642602	1.0	251	tags=26%, list=11%, signal=28%	
GOBP_MEIOTIC_CELL_CYCLE_PROCESS	GOBP_MEIOTIC_CELL_CYCLE_PROCESS		34	-0.40359136	-1.4250124	0.07506702	0.2269049	1.0	526	tags=59%, list=24%, signal=76%	
GOBP_NUCLEUS_ORGANIZATION	GOBP_NUCLEUS_ORGANIZATION		17	-0.4809018	-1.4237028	0.07848101	0.2267825	1.0	511	tags=71%, list=23%, signal=91%	
GOBP_NEGATIVE_REGULATION_OF_MYELOID_LEUKOCYTE_DIFFERENTIATION	GOBP_NEGATIVE_REGULATION_OF_MYELOID_LEUKOCYTE_DIFFERENTIATION		17	-0.48147574	-1.4070512	0.09181141	0.24673316	1.0	402	tags=29%, list=18%, signal=36%	
GOBP_NEURON_APOPTOTIC_PROCESS	GOBP_NEURON_APOPTOTIC_PROCESS		42	-0.38694748	-1.4019799	0.05277778	0.25159073	1.0	154	tags=17%, list=7%, signal=18%	
GOBP_POSITIVE_REGULATION_OF_PROTEIN_MODIFICATION_PROCESS	GOBP_POSITIVE_REGULATION_OF_PROTEIN_MODIFICATION_PROCESS		48	-0.3647842	-1.3988924	0.055900622	0.2537571	1.0	325	tags=33%, list=15%, signal=38%	
GOBP_REGULATION_OF_MEIOTIC_CELL_CYCLE	GOBP_REGULATION_OF_MEIOTIC_CELL_CYCLE		15	-0.48643294	-1.3980453	0.10377359	0.25304177	1.0	498	tags=53%, list=22%, signal=68%	
GOBP_PROTEIN_CONTAINING_COMPLEX_DISASSEMBLY	GOBP_PROTEIN_CONTAINING_COMPLEX_DISASSEMBLY		36	-0.40034777	-1.396411	0.07105263	0.25332567	1.0	487	tags=47%, list=22%, signal=59%	
GOBP_DNA_BIOSYNTHETIC_PROCESS	GOBP_DNA_BIOSYNTHETIC_PROCESS		22	-0.44142422	-1.3939803	0.09245742	0.25450537	1.0	448	tags=55%, list=20%, signal=68%	
GOBP_MICROTUBULE_POLYMERIZATION_OR_DEPOLYMERIZATION	GOBP_MICROTUBULE_POLYMERIZATION_OR_DEPOLYMERIZATION		20	-0.44960946	-1.3901215	0.060686015	0.25787354	1.0	416	tags=50%, list=19%, signal=61%	
GOBP_MEIOSIS_I_CELL_CYCLE_PROCESS	GOBP_MEIOSIS_I_CELL_CYCLE_PROCESS		21	-0.44689476	-1.3879876	0.1025	0.2588249	1.0	526	tags=71%, list=24%, signal=93%	
GOBP_RESPONSE_TO_TEMPERATURE_STIMULUS	GOBP_RESPONSE_TO_TEMPERATURE_STIMULUS		19	-0.4629459	-1.3868215	0.10714286	0.25838923	1.0	185	tags=26%, list=8%, signal=28%	
GOBP_PROTEIN_CONTAINING_COMPLEX_ORGANIZATION	GOBP_PROTEIN_CONTAINING_COMPLEX_ORGANIZATION		206	-0.29155463	-1.3842236	0.014285714	0.26018965	1.0	299	tags=25%, list=13%, signal=26%	
GOBP_POSITIVE_REGULATION_OF_PROTEOLYSIS_INVOLVED_IN_PROTEIN_CATABOLIC_PROCESS	GOBP_POSITIVE_REGULATION_OF_PROTEOLYSIS_INVOLVED_IN_PROTEIN_CATABOLIC_PROCESS		17	-0.46085715	-1.3734592	0.11111111	0.27344888	1.0	251	tags=24%, list=11%, signal=26%	
GOBP_NEGATIVE_REGULATION_OF_GENE_EXPRESSION_EPIGENETIC	GOBP_NEGATIVE_REGULATION_OF_GENE_EXPRESSION_EPIGENETIC		24	-0.43012837	-1.3700414	0.101928376	0.2762464	1.0	341	tags=38%, list=15%, signal=44%	
GOBP_POSITIVE_REGULATION_OF_PROTEIN_CATABOLIC_PROCESS	GOBP_POSITIVE_REGULATION_OF_PROTEIN_CATABOLIC_PROCESS		28	-0.40572295	-1.3696996	0.10539846	0.2746911	1.0	251	tags=21%, list=11%, signal=24%	
GOBP_GLYCEROPHOSPHOLIPID_METABOLIC_PROCESS	GOBP_GLYCEROPHOSPHOLIPID_METABOLIC_PROCESS		34	-0.39227086	-1.3581067	0.085051544	0.28977382	1.0	100	tags=15%, list=4%, signal=15%	
GOBP_CELLULAR_RESPONSE_TO_STRESS	GOBP_CELLULAR_RESPONSE_TO_STRESS		277	-0.26871035	-1.3542182	0.005586592	0.29339004	1.0	412	tags=33%, list=18%, signal=36%	
GOBP_POSITIVE_REGULATION_OF_PROTEASOMAL_PROTEIN_CATABOLIC_PROCESS	GOBP_POSITIVE_REGULATION_OF_PROTEASOMAL_PROTEIN_CATABOLIC_PROCESS		16	-0.47051	-1.3459828	0.14214464	0.30411163	1.0	251	tags=25%, list=11%, signal=28%	
GOBP_POSITIVE_REGULATION_OF_MOLECULAR_FUNCTION	GOBP_POSITIVE_REGULATION_OF_MOLECULAR_FUNCTION		71	-0.32497314	-1.3454332	0.05466238	0.302736	1.0	374	tags=28%, list=17%, signal=33%	
GOBP_REGULATION_OF_ERBB_SIGNALING_PATHWAY	GOBP_REGULATION_OF_ERBB_SIGNALING_PATHWAY		19	-0.44368353	-1.3426542	0.10761155	0.3049696	1.0	100	tags=16%, list=4%, signal=16%	
GOBP_HEPATICOBILIARY_SYSTEM_DEVELOPMENT	GOBP_HEPATICOBILIARY_SYSTEM_DEVELOPMENT		27	-0.4097556	-1.3371899	0.08900524	0.3113757	1.0	264	tags=33%, list=12%, signal=37%	
GOBP_CERAMIDE_METABOLIC_PROCESS	GOBP_CERAMIDE_METABOLIC_PROCESS		18	-0.45673174	-1.3370411	0.13350785	0.30947632	1.0	71	tags=22%, list=3%, signal=23%	
GOBP_ESTABLISHMENT_OR_MAINTENANCE_OF_CELL_POLARITY	GOBP_ESTABLISHMENT_OR_MAINTENANCE_OF_CELL_POLARITY		37	-0.37816483	-1.3357993	0.08522727	0.3095025	1.0	269	tags=27%, list=12%, signal=30%	
GOBP_REGULATION_OF_HYDROLASE_ACTIVITY	GOBP_REGULATION_OF_HYDROLASE_ACTIVITY		31	-0.39064503	-1.3285092	0.09836066	0.3192923	1.0	282	tags=26%, list=13%, signal=29%	
GOBP_REGULATION_OF_ORGANELLE_ORGANIZATION	GOBP_REGULATION_OF_ORGANELLE_ORGANIZATION		186	-0.27874875	-1.3227222	0.014563107	0.3266944	1.0	368	tags=28%, list=16%, signal=31%	
GOBP_CELLULAR_RESPONSE_TO_RADIATION	GOBP_CELLULAR_RESPONSE_TO_RADIATION		29	-0.38850802	-1.3197198	0.11634349	0.32951462	1.0	341	tags=31%, list=15%, signal=36%	
GOBP_POSITIVE_REGULATION_OF_HYDROLASE_ACTIVITY	GOBP_POSITIVE_REGULATION_OF_HYDROLASE_ACTIVITY		24	-0.42129526	-1.3116263	0.13659793	0.34021112	1.0	282	tags=29%, list=13%, signal=33%	
GOBP_NEUROTRANSMITTER_SECRETION	GOBP_NEUROTRANSMITTER_SECRETION		28	-0.39142618	-1.3077364	0.13541667	0.34444198	1.0	191	tags=21%, list=9%, signal=23%	
GOBP_REGULATION_OF_PROTEIN_STABILITY	GOBP_REGULATION_OF_PROTEIN_STABILITY		34	-0.3751365	-1.3071253	0.10909091	0.34328148	1.0	72	tags=18%, list=3%, signal=18%	
GOBP_NEGATIVE_REGULATION_OF_MYELOID_CELL_DIFFERENTIATION	GOBP_NEGATIVE_REGULATION_OF_MYELOID_CELL_DIFFERENTIATION		20	-0.43254024	-1.3044945	0.15584415	0.34555414	1.0	165	tags=15%, list=7%, signal=16%	
GOBP_PROTEIN_DNA_COMPLEX_ORGANIZATION	GOBP_PROTEIN_DNA_COMPLEX_ORGANIZATION		24	-0.41031128	-1.2997283	0.13659793	0.35163754	1.0	380	tags=38%, list=17%, signal=45%	
GOBP_POSITIVE_REGULATION_OF_PROTEIN_UBIQUITINATION	GOBP_POSITIVE_REGULATION_OF_PROTEIN_UBIQUITINATION		16	-0.438328	-1.2989546	0.16071428	0.35084033	1.0	316	tags=38%, list=14%, signal=43%	
GOBP_ESTABLISHMENT_OF_CELL_POLARITY	GOBP_ESTABLISHMENT_OF_CELL_POLARITY		25	-0.39014876	-1.2963349	0.15641026	0.3530002	1.0	269	tags=32%, list=12%, signal=36%	
GOBP_PROTEIN_LOCALIZATION_TO_ORGANELLE	GOBP_PROTEIN_LOCALIZATION_TO_ORGANELLE		101	-0.29520893	-1.2945217	0.06333333	0.35417187	1.0	361	tags=32%, list=16%, signal=36%	
GOBP_MICROTUBULE_BASED_MOVEMENT	GOBP_MICROTUBULE_BASED_MOVEMENT		55	-0.33033943	-1.2795577	0.09742121	0.37970218	1.0	514	tags=38%, list=23%, signal=48%	
GOBP_ENDOTHELIAL_CELL_DEVELOPMENT	GOBP_ENDOTHELIAL_CELL_DEVELOPMENT		15	-0.44886607	-1.2689924	0.18341708	0.39732435	1.0	74	tags=20%, list=3%, signal=21%	
GOBP_NEGATIVE_REGULATION_OF_SECRETION	GOBP_NEGATIVE_REGULATION_OF_SECRETION		21	-0.4124747	-1.2679888	0.18766756	0.3969673	1.0	143	tags=14%, list=6%, signal=15%	
GOBP_REGULATION_OF_CELL_DIVISION	GOBP_REGULATION_OF_CELL_DIVISION		24	-0.3797339	-1.2644616	0.1689008	0.401494	1.0	282	tags=38%, list=13%, signal=42%	
GOBP_REGULATION_OF_LIPID_METABOLIC_PROCESS	GOBP_REGULATION_OF_LIPID_METABOLIC_PROCESS		50	-0.33367664	-1.262928	0.13091922	0.4019256	1.0	69	tags=10%, list=3%, signal=10%	
GOBP_REGULATION_OF_LIPID_BIOSYNTHETIC_PROCESS	GOBP_REGULATION_OF_LIPID_BIOSYNTHETIC_PROCESS		32	-0.36258885	-1.262287	0.1521739	0.40079886	1.0	69	tags=13%, list=3%, signal=13%	
GOBP_PROTEIN_POLYUBIQUITINATION	GOBP_PROTEIN_POLYUBIQUITINATION		33	-0.35720283	-1.2567067	0.15258856	0.40898043	1.0	220	tags=33%, list=10%, signal=36%	
GOBP_ORGANIC_HYDROXY_COMPOUND_TRANSPORT	GOBP_ORGANIC_HYDROXY_COMPOUND_TRANSPORT		42	-0.3436212	-1.2540193	0.13521127	0.41190594	1.0	49	tags=12%, list=2%, signal=12%	
GOBP_REGULATION_OF_MICROTUBULE_CYTOSKELETON_ORGANIZATION	GOBP_REGULATION_OF_MICROTUBULE_CYTOSKELETON_ORGANIZATION		22	-0.3873209	-1.2533392	0.1773779	0.41073197	1.0	416	tags=45%, list=19%, signal=55%	
GOBP_RESPONSE_TO_PURINE_CONTAINING_COMPOUND	GOBP_RESPONSE_TO_PURINE_CONTAINING_COMPOUND		25	-0.37575752	-1.2481995	0.14285715	0.41823384	1.0	66	tags=12%, list=3%, signal=12%	
GOBP_REGULATION_OF_PROTEASOMAL_UBIQUITIN_DEPENDENT_PROTEIN_CATABOLIC_PROCESS	GOBP_REGULATION_OF_PROTEASOMAL_UBIQUITIN_DEPENDENT_PROTEIN_CATABOLIC_PROCESS		16	-0.43867034	-1.2475297	0.2009804	0.41686478	1.0	251	tags=31%, list=11%, signal=35%	
GOBP_MITOTIC_DNA_INTEGRITY_CHECKPOINT_SIGNALING	GOBP_MITOTIC_DNA_INTEGRITY_CHECKPOINT_SIGNALING		16	-0.43332043	-1.2426578	0.2025	0.42402175	1.0	341	tags=50%, list=15%, signal=59%	
GOBP_REGULATION_OF_POST_TRANSLATIONAL_PROTEIN_MODIFICATION	GOBP_REGULATION_OF_POST_TRANSLATIONAL_PROTEIN_MODIFICATION		36	-0.3502985	-1.2392436	0.17989418	0.42827377	1.0	345	tags=33%, list=15%, signal=39%	
GOBP_REGULATION_OF_MACROAUTOPHAGY	GOBP_REGULATION_OF_MACROAUTOPHAGY		25	-0.3922679	-1.2392088	0.20689656	0.42584878	1.0	85	tags=20%, list=4%, signal=21%	
GOBP_EPIGENETIC_REGULATION_OF_GENE_EXPRESSION	GOBP_EPIGENETIC_REGULATION_OF_GENE_EXPRESSION		34	-0.35131395	-1.2366458	0.157754	0.42834303	1.0	224	tags=24%, list=10%, signal=26%	
GOBP_POSITIVE_REGULATION_OF_ERK1_AND_ERK2_CASCADE	GOBP_POSITIVE_REGULATION_OF_ERK1_AND_ERK2_CASCADE		27	-0.36926386	-1.2334574	0.191067	0.43220887	1.0	7	tags=7%, list=0%, signal=7%	
GOBP_CELLULAR_COMPONENT_DISASSEMBLY	GOBP_CELLULAR_COMPONENT_DISASSEMBLY		64	-0.3146619	-1.2293953	0.13207547	0.43802252	1.0	416	tags=34%, list=19%, signal=41%	
GOBP_CELLULAR_RESPONSE_TO_UV	GOBP_CELLULAR_RESPONSE_TO_UV		17	-0.4156676	-1.2291676	0.20466322	0.4360163	1.0	16	tags=12%, list=1%, signal=12%	
GOBP_CYTOKINE_PRODUCTION_INVOLVED_IN_IMMUNE_RESPONSE	GOBP_CYTOKINE_PRODUCTION_INVOLVED_IN_IMMUNE_RESPONSE		16	-0.42422658	-1.2258017	0.23112129	0.44047818	1.0	50	tags=13%, list=2%, signal=13%	
GOBP_TRIGLYCERIDE_METABOLIC_PROCESS	GOBP_TRIGLYCERIDE_METABOLIC_PROCESS		20	-0.39103156	-1.2257246	0.23759791	0.43810093	1.0	16	tags=10%, list=1%, signal=10%	
GOBP_GLUCOSE_METABOLIC_PROCESS	GOBP_GLUCOSE_METABOLIC_PROCESS		31	-0.3573505	-1.2231696	0.18598382	0.4407399	1.0	359	tags=32%, list=16%, signal=38%	
GOBP_REGULATION_OF_ORGANELLE_ASSEMBLY	GOBP_REGULATION_OF_ORGANELLE_ASSEMBLY		36	-0.34382665	-1.2191088	0.1966759	0.44650382	1.0	368	tags=33%, list=16%, signal=39%	
GOBP_HETEROCHROMATIN_ORGANIZATION	GOBP_HETEROCHROMATIN_ORGANIZATION		22	-0.38550425	-1.2175952	0.22413793	0.44723126	1.0	341	tags=36%, list=15%, signal=42%	
GOBP_REGULATION_OF_RESPONSE_TO_STRESS	GOBP_REGULATION_OF_RESPONSE_TO_STRESS		194	-0.25342956	-1.2147664	0.07589286	0.45053753	1.0	233	tags=19%, list=10%, signal=19%	
GOBP_CELLULAR_RESPONSE_TO_LIGHT_STIMULUS	GOBP_CELLULAR_RESPONSE_TO_LIGHT_STIMULUS		17	-0.4156676	-1.2138244	0.22335026	0.44987833	1.0	16	tags=12%, list=1%, signal=12%	
GOBP_PHOSPHATIDYLINOSITOL_BIOSYNTHETIC_PROCESS	GOBP_PHOSPHATIDYLINOSITOL_BIOSYNTHETIC_PROCESS		15	-0.434406	-1.2134771	0.23797469	0.44816858	1.0	414	tags=40%, list=19%, signal=49%	
GOBP_ORGANELLE_TRANSPORT_ALONG_MICROTUBULE	GOBP_ORGANELLE_TRANSPORT_ALONG_MICROTUBULE		16	-0.41178396	-1.2125251	0.2371134	0.4475741	1.0	297	tags=31%, list=13%, signal=36%	
GOBP_SPHINGOLIPID_METABOLIC_PROCESS	GOBP_SPHINGOLIPID_METABOLIC_PROCESS		27	-0.36361423	-1.2108952	0.18489583	0.44836867	1.0	71	tags=15%, list=3%, signal=15%	
GOBP_REGULATION_OF_PROTEIN_CATABOLIC_PROCESS	GOBP_REGULATION_OF_PROTEIN_CATABOLIC_PROCESS		45	-0.32117784	-1.2097778	0.16666667	0.44842848	1.0	65	tags=13%, list=3%, signal=13%	
GOBP_REGULATION_OF_REPRODUCTIVE_PROCESS	GOBP_REGULATION_OF_REPRODUCTIVE_PROCESS		21	-0.38625714	-1.2085309	0.22191781	0.44838434	1.0	251	tags=29%, list=11%, signal=32%	
GOBP_PROTEIN_DEPOLYMERIZATION	GOBP_PROTEIN_DEPOLYMERIZATION		21	-0.38124558	-1.2078345	0.21282052	0.44738382	1.0	416	tags=38%, list=19%, signal=46%	
GOBP_STEROID_BIOSYNTHETIC_PROCESS	GOBP_STEROID_BIOSYNTHETIC_PROCESS		19	-0.39526373	-1.2068863	0.21529745	0.44669157	1.0	66	tags=16%, list=3%, signal=16%	
GOBP_POSITIVE_REGULATION_OF_PROTEIN_METABOLIC_PROCESS	GOBP_POSITIVE_REGULATION_OF_PROTEIN_METABOLIC_PROCESS		101	-0.2773817	-1.2038889	0.109433964	0.45021686	1.0	325	tags=26%, list=15%, signal=29%	
GOBP_REGULATION_OF_DNA_RECOMBINATION	GOBP_REGULATION_OF_DNA_RECOMBINATION		18	-0.40739396	-1.2028241	0.23173803	0.45019713	1.0	316	tags=44%, list=14%, signal=51%	
GOBP_MYELOID_CELL_DIFFERENTIATION	GOBP_MYELOID_CELL_DIFFERENTIATION		84	-0.28448212	-1.199907	0.1418919	0.453959	1.0	165	tags=12%, list=7%, signal=12%	
GOBP_RESPONSE_TO_ABIOTIC_STIMULUS	GOBP_RESPONSE_TO_ABIOTIC_STIMULUS		157	-0.2588378	-1.1976266	0.10212766	0.45622137	1.0	342	tags=22%, list=15%, signal=24%	
GOBP_PROTEIN_POLYMERIZATION	GOBP_PROTEIN_POLYMERIZATION		35	-0.338976	-1.1975526	0.19266056	0.45398283	1.0	287	tags=29%, list=13%, signal=32%	
GOBP_LIPID_MODIFICATION	GOBP_LIPID_MODIFICATION		29	-0.3571438	-1.1968848	0.21693122	0.45318243	1.0	113	tags=17%, list=5%, signal=18%	
GOBP_MAINTENANCE_OF_LOCATION	GOBP_MAINTENANCE_OF_LOCATION		21	-0.38088897	-1.1944741	0.22666667	0.45582172	1.0	68	tags=14%, list=3%, signal=15%	
GOBP_MONOSACCHARIDE_METABOLIC_PROCESS	GOBP_MONOSACCHARIDE_METABOLIC_PROCESS		40	-0.3288148	-1.1909947	0.20916906	0.46068063	1.0	359	tags=28%, list=16%, signal=32%	
GOBP_RECEPTOR_INTERNALIZATION	GOBP_RECEPTOR_INTERNALIZATION		20	-0.39188287	-1.1893598	0.23759791	0.46193483	1.0	171	tags=25%, list=8%, signal=27%	
GOBP_POSITIVE_REGULATION_OF_PHOSPHORUS_METABOLIC_PROCESS	GOBP_POSITIVE_REGULATION_OF_PHOSPHORUS_METABOLIC_PROCESS		39	-0.3348896	-1.1892514	0.19889502	0.45985883	1.0	231	tags=23%, list=10%, signal=25%	
GOBP_PROTEIN_LOCALIZATION_TO_CELL_JUNCTION	GOBP_PROTEIN_LOCALIZATION_TO_CELL_JUNCTION		27	-0.36416483	-1.1873125	0.22459893	0.46146014	1.0	84	tags=15%, list=4%, signal=15%	
GOBP_MYELOID_LEUKOCYTE_DIFFERENTIATION	GOBP_MYELOID_LEUKOCYTE_DIFFERENTIATION		54	-0.3070743	-1.1870413	0.20467836	0.4596138	1.0	165	tags=13%, list=7%, signal=14%	
GOBP_NEUTRAL_LIPID_METABOLIC_PROCESS	GOBP_NEUTRAL_LIPID_METABOLIC_PROCESS		25	-0.36472428	-1.1862711	0.2627346	0.4588529	1.0	100	tags=12%, list=4%, signal=12%	
GOBP_POSITIVE_REGULATION_OF_APOPTOTIC_SIGNALING_PATHWAY	GOBP_POSITIVE_REGULATION_OF_APOPTOTIC_SIGNALING_PATHWAY		32	-0.33991036	-1.1740384	0.23033708	0.4819708	1.0	44	tags=9%, list=2%, signal=9%	
GOBP_NEGATIVE_REGULATION_OF_TRANSPORT	GOBP_NEGATIVE_REGULATION_OF_TRANSPORT		42	-0.31488857	-1.1736226	0.23076923	0.48045287	1.0	191	tags=17%, list=9%, signal=18%	
GOBP_INSULIN_RECEPTOR_SIGNALING_PATHWAY	GOBP_INSULIN_RECEPTOR_SIGNALING_PATHWAY		19	-0.38403887	-1.1732004	0.26065162	0.47903818	1.0	310	tags=32%, list=14%, signal=36%	
GOBP_REGULATION_OF_ADAPTIVE_IMMUNE_RESPONSE	GOBP_REGULATION_OF_ADAPTIVE_IMMUNE_RESPONSE		28	-0.35589492	-1.1725736	0.22281167	0.47815698	1.0	106	tags=18%, list=5%, signal=19%	
GOBP_SYNAPTIC_VESICLE_EXOCYTOSIS	GOBP_SYNAPTIC_VESICLE_EXOCYTOSIS		22	-0.37844387	-1.1719506	0.2620865	0.47704646	1.0	171	tags=18%, list=8%, signal=19%	
GOBP_OSTEOCLAST_DIFFERENTIATION	GOBP_OSTEOCLAST_DIFFERENTIATION		24	-0.3671384	-1.1707678	0.2535211	0.4771526	1.0	68	tags=13%, list=3%, signal=13%	
GOBP_FATTY_ACID_BIOSYNTHETIC_PROCESS	GOBP_FATTY_ACID_BIOSYNTHETIC_PROCESS		22	-0.3614303	-1.1656543	0.2890625	0.4856356	1.0	71	tags=14%, list=3%, signal=14%	
GOBP_REGULATION_OF_PRODUCTION_OF_MOLECULAR_MEDIATOR_OF_IMMUNE_RESPONSE	GOBP_REGULATION_OF_PRODUCTION_OF_MOLECULAR_MEDIATOR_OF_IMMUNE_RESPONSE		22	-0.3646799	-1.1571364	0.27415144	0.5015565	1.0	90	tags=14%, list=4%, signal=14%	
GOBP_PRODUCTION_OF_MOLECULAR_MEDIATOR_OF_IMMUNE_RESPONSE	GOBP_PRODUCTION_OF_MOLECULAR_MEDIATOR_OF_IMMUNE_RESPONSE		27	-0.34760377	-1.1508961	0.28157896	0.5129503	1.0	412	tags=30%, list=18%, signal=36%	
GOBP_MEMBRANE_LIPID_METABOLIC_PROCESS	GOBP_MEMBRANE_LIPID_METABOLIC_PROCESS		31	-0.33454052	-1.1415732	0.26902175	0.53154653	1.0	71	tags=13%, list=3%, signal=13%	
GOBP_POSITIVE_REGULATION_OF_CYTOKINE_PRODUCTION	GOBP_POSITIVE_REGULATION_OF_CYTOKINE_PRODUCTION		58	-0.29093885	-1.1401728	0.22941177	0.53220737	1.0	280	tags=19%, list=13%, signal=21%	
GOBP_RESPONSE_TO_REACTIVE_OXYGEN_SPECIES	GOBP_RESPONSE_TO_REACTIVE_OXYGEN_SPECIES		28	-0.34007582	-1.1397314	0.27272728	0.5308422	1.0	295	tags=29%, list=13%, signal=33%	
GOBP_REGULATION_OF_PROTEOLYSIS	GOBP_REGULATION_OF_PROTEOLYSIS		47	-0.30646783	-1.1370723	0.25958702	0.53458995	1.0	179	tags=17%, list=8%, signal=18%	
GOBP_POSITIVE_REGULATION_OF_ORGANELLE_ORGANIZATION	GOBP_POSITIVE_REGULATION_OF_ORGANELLE_ORGANIZATION		80	-0.27637535	-1.1347629	0.21355931	0.5370932	1.0	368	tags=31%, list=16%, signal=36%	
GOBP_ENDOTHELIAL_CELL_DIFFERENTIATION	GOBP_ENDOTHELIAL_CELL_DIFFERENTIATION		21	-0.36687732	-1.133813	0.2891892	0.5366544	1.0	74	tags=14%, list=3%, signal=15%	
GOBP_REGULATION_OF_IMMUNE_EFFECTOR_PROCESS	GOBP_REGULATION_OF_IMMUNE_EFFECTOR_PROCESS		47	-0.29463014	-1.1285068	0.26647565	0.5460185	1.0	106	tags=13%, list=5%, signal=13%	
GOBP_REGULATION_OF_PROTEIN_CONTAINING_COMPLEX_DISASSEMBLY	GOBP_REGULATION_OF_PROTEIN_CONTAINING_COMPLEX_DISASSEMBLY		20	-0.35829985	-1.1284335	0.30769232	0.5437338	1.0	11	tags=10%, list=0%, signal=10%	
GOBP_NEGATIVE_REGULATION_OF_ERK1_AND_ERK2_CASCADE	GOBP_NEGATIVE_REGULATION_OF_ERK1_AND_ERK2_CASCADE		17	-0.3883515	-1.1282946	0.28502417	0.54162306	1.0	561	tags=53%, list=25%, signal=70%	
GOBP_REGULATION_OF_LEUKOCYTE_APOPTOTIC_PROCESS	GOBP_REGULATION_OF_LEUKOCYTE_APOPTOTIC_PROCESS		22	-0.36184216	-1.1277622	0.3112245	0.54036695	1.0	322	tags=18%, list=14%, signal=21%	
GOBP_POSITIVE_REGULATION_OF_PHOSPHORYLATION	GOBP_POSITIVE_REGULATION_OF_PHOSPHORYLATION		30	-0.3258594	-1.1251479	0.3	0.5436835	1.0	325	tags=30%, list=15%, signal=35%	
GOBP_SIGNAL_TRANSDUCTION_BY_P53_CLASS_MEDIATOR	GOBP_SIGNAL_TRANSDUCTION_BY_P53_CLASS_MEDIATOR		34	-0.3254735	-1.1217093	0.2875	0.54895425	1.0	318	tags=38%, list=14%, signal=44%	
GOBP_OVULATION_CYCLE	GOBP_OVULATION_CYCLE		15	-0.40257463	-1.1195942	0.33819953	0.55152553	1.0	308	tags=27%, list=14%, signal=31%	
GOBP_HEART_GROWTH	GOBP_HEART_GROWTH		17	-0.37537995	-1.1182431	0.3022113	0.5523226	1.0	243	tags=24%, list=11%, signal=26%	
GOBP_INTERLEUKIN_8_PRODUCTION	GOBP_INTERLEUKIN_8_PRODUCTION		15	-0.38728562	-1.1172948	0.30226701	0.55190897	1.0	217	tags=20%, list=10%, signal=22%	
GOBP_POSITIVE_REGULATION_OF_PROTEOLYSIS	GOBP_POSITIVE_REGULATION_OF_PROTEOLYSIS		30	-0.3374637	-1.1166707	0.28266665	0.55085653	1.0	280	tags=23%, list=13%, signal=26%	
GOBP_PROTEIN_CONTAINING_COMPLEX_LOCALIZATION	GOBP_PROTEIN_CONTAINING_COMPLEX_LOCALIZATION		20	-0.365341	-1.1153591	0.3222749	0.55146694	1.0	150	tags=20%, list=7%, signal=21%	
GOBP_RESPONSE_TO_ORGANOPHOSPHORUS	GOBP_RESPONSE_TO_ORGANOPHOSPHORUS		22	-0.35493654	-1.1144637	0.3394256	0.5511015	1.0	20	tags=9%, list=1%, signal=9%	
GOBP_REGULATION_OF_PROTEIN_LOCALIZATION_TO_CELL_PERIPHERY	GOBP_REGULATION_OF_PROTEIN_LOCALIZATION_TO_CELL_PERIPHERY		21	-0.34639925	-1.1130822	0.2997416	0.55171597	1.0	85	tags=19%, list=4%, signal=20%	
GOBP_CYTOSKELETON_DEPENDENT_INTRACELLULAR_TRANSPORT	GOBP_CYTOSKELETON_DEPENDENT_INTRACELLULAR_TRANSPORT		33	-0.31950188	-1.1123408	0.29891303	0.5510775	1.0	514	tags=36%, list=23%, signal=47%	
GOBP_LIPID_BIOSYNTHETIC_PROCESS	GOBP_LIPID_BIOSYNTHETIC_PROCESS		94	-0.26014665	-1.1091212	0.25762713	0.5563769	1.0	100	tags=11%, list=4%, signal=11%	
GOBP_REGULATION_OF_PROTEOLYSIS_INVOLVED_IN_PROTEIN_CATABOLIC_PROCESS	GOBP_REGULATION_OF_PROTEOLYSIS_INVOLVED_IN_PROTEIN_CATABOLIC_PROCESS		28	-0.33282828	-1.1053793	0.33333334	0.5630429	1.0	65	tags=14%, list=3%, signal=15%	
GOBP_ERK1_AND_ERK2_CASCADE	GOBP_ERK1_AND_ERK2_CASCADE		49	-0.29466838	-1.1025597	0.303207	0.5668801	1.0	233	tags=16%, list=10%, signal=18%	
GOBP_REGULATION_OF_PROTEIN_UBIQUITINATION	GOBP_REGULATION_OF_PROTEIN_UBIQUITINATION		29	-0.32070562	-1.0993699	0.32984293	0.572026	1.0	345	tags=31%, list=15%, signal=36%	
GOBP_LEUKOCYTE_CELL_CELL_ADHESION	GOBP_LEUKOCYTE_CELL_CELL_ADHESION		60	-0.2727028	-1.0986835	0.3090379	0.5710924	1.0	177	tags=17%, list=8%, signal=18%	
GOBP_REGULATION_OF_RECEPTOR_MEDIATED_ENDOCYTOSIS	GOBP_REGULATION_OF_RECEPTOR_MEDIATED_ENDOCYTOSIS		17	-0.37160566	-1.0975168	0.32320443	0.5713289	1.0	154	tags=24%, list=7%, signal=25%	
GOBP_SEXUAL_REPRODUCTION	GOBP_SEXUAL_REPRODUCTION		114	-0.24579482	-1.0938863	0.28195488	0.5776439	1.0	486	tags=37%, list=22%, signal=45%	
GOBP_REGULATION_OF_CATALYTIC_ACTIVITY	GOBP_REGULATION_OF_CATALYTIC_ACTIVITY		80	-0.25822487	-1.0918804	0.27118644	0.58002794	1.0	282	tags=25%, list=13%, signal=28%	
GOBP_POSITIVE_REGULATION_OF_DEVELOPMENTAL_GROWTH	GOBP_POSITIVE_REGULATION_OF_DEVELOPMENTAL_GROWTH		23	-0.343916	-1.0892724	0.33505154	0.58399385	1.0	295	tags=26%, list=13%, signal=30%	
GOBP_RESPONSE_TO_TUMOR_NECROSIS_FACTOR	GOBP_RESPONSE_TO_TUMOR_NECROSIS_FACTOR		38	-0.29976007	-1.0872324	0.3265306	0.5862632	1.0	43	tags=8%, list=2%, signal=8%	
GOBP_NEUROTRANSMITTER_TRANSPORT	GOBP_NEUROTRANSMITTER_TRANSPORT		36	-0.3041322	-1.0867848	0.31451613	0.584954	1.0	191	tags=17%, list=9%, signal=18%	
GOBP_DNA_DAMAGE_RESPONSE_SIGNAL_TRANSDUCTION_BY_P53_CLASS_MEDIATOR	GOBP_DNA_DAMAGE_RESPONSE_SIGNAL_TRANSDUCTION_BY_P53_CLASS_MEDIATOR		16	-0.37318468	-1.0817584	0.35323384	0.5944658	1.0	225	tags=38%, list=10%, signal=41%	
GOBP_REGULATION_OF_ALPHA_BETA_T_CELL_ACTIVATION	GOBP_REGULATION_OF_ALPHA_BETA_T_CELL_ACTIVATION		16	-0.3786065	-1.0808266	0.378866	0.5941839	1.0	165	tags=25%, list=7%, signal=27%	
GOBP_GLYCEROPHOSPHOLIPID_BIOSYNTHETIC_PROCESS	GOBP_GLYCEROPHOSPHOLIPID_BIOSYNTHETIC_PROCESS		25	-0.33315995	-1.0776275	0.353562	0.5992721	1.0	100	tags=16%, list=4%, signal=17%	
GOBP_LEUKOCYTE_DIFFERENTIATION	GOBP_LEUKOCYTE_DIFFERENTIATION		91	-0.24688116	-1.0730454	0.31010452	0.6082918	1.0	246	tags=15%, list=11%, signal=17%	
GOBP_REGULATION_OF_TRANS_SYNAPTIC_SIGNALING	GOBP_REGULATION_OF_TRANS_SYNAPTIC_SIGNALING		82	-0.2526209	-1.072012	0.34323433	0.6083542	1.0	327	tags=17%, list=15%, signal=19%	
GOBP_ERBB_SIGNALING_PATHWAY	GOBP_ERBB_SIGNALING_PATHWAY		31	-0.30745694	-1.0709633	0.33150685	0.60847276	1.0	431	tags=32%, list=19%, signal=39%	
GOBP_REGULATION_OF_GTPASE_ACTIVITY	GOBP_REGULATION_OF_GTPASE_ACTIVITY		23	-0.33094773	-1.063515	0.3659148	0.6240059	1.0	282	tags=26%, list=13%, signal=30%	
GOBP_NEGATIVE_REGULATION_OF_CELL_ACTIVATION	GOBP_NEGATIVE_REGULATION_OF_CELL_ACTIVATION		28	-0.31781048	-1.062918	0.3661616	0.6230567	1.0	165	tags=18%, list=7%, signal=19%	
GOBP_EXOCYTOSIS	GOBP_EXOCYTOSIS		67	-0.25996485	-1.0590824	0.33554816	0.6298491	1.0	171	tags=15%, list=8%, signal=16%	
GOBP_MUSCLE_CELL_MIGRATION	GOBP_MUSCLE_CELL_MIGRATION		15	-0.3698943	-1.0567925	0.38875878	0.6330235	1.0	239	tags=20%, list=11%, signal=22%	
GOBP_POSITIVE_REGULATION_OF_LYMPHOCYTE_DIFFERENTIATION	GOBP_POSITIVE_REGULATION_OF_LYMPHOCYTE_DIFFERENTIATION		20	-0.34181938	-1.0538452	0.4175	0.63791454	1.0	177	tags=25%, list=8%, signal=27%	
GOBP_ENDOTHELIUM_DEVELOPMENT	GOBP_ENDOTHELIUM_DEVELOPMENT		24	-0.32541642	-1.0537118	0.38285714	0.63576823	1.0	74	tags=13%, list=3%, signal=13%	
GOBP_REPRODUCTIVE_PROCESS	GOBP_REPRODUCTIVE_PROCESS		173	-0.22378337	-1.0528754	0.27232143	0.63534576	1.0	505	tags=34%, list=23%, signal=41%	
GOBP_PHOSPHOLIPID_METABOLIC_PROCESS	GOBP_PHOSPHOLIPID_METABOLIC_PROCESS		45	-0.28747153	-1.0509839	0.3566879	0.637517	1.0	100	tags=11%, list=4%, signal=11%	
GOBP_CILIUM_ORGANIZATION	GOBP_CILIUM_ORGANIZATION		46	-0.2816457	-1.0499622	0.36196318	0.6376586	1.0	514	tags=39%, list=23%, signal=50%	
GOBP_LIPID_METABOLIC_PROCESS	GOBP_LIPID_METABOLIC_PROCESS		178	-0.22210675	-1.0499009	0.2952381	0.6353402	1.0	113	tags=8%, list=5%, signal=8%	
GOBP_LEARNING	GOBP_LEARNING		21	-0.33032653	-1.0498587	0.39646465	0.6329969	1.0	322	tags=19%, list=14%, signal=22%	
GOBP_REGULATION_OF_PROTEIN_LOCALIZATION_TO_MEMBRANE	GOBP_REGULATION_OF_PROTEIN_LOCALIZATION_TO_MEMBRANE		25	-0.32555875	-1.0489758	0.37434554	0.63253933	1.0	149	tags=20%, list=7%, signal=21%	
GOBP_TISSUE_HOMEOSTASIS	GOBP_TISSUE_HOMEOSTASIS		35	-0.29769644	-1.0484804	0.36885247	0.63130367	1.0	68	tags=9%, list=3%, signal=9%	
GOBP_POSITIVE_REGULATION_OF_CELLULAR_COMPONENT_ORGANIZATION	GOBP_POSITIVE_REGULATION_OF_CELLULAR_COMPONENT_ORGANIZATION		165	-0.22242135	-1.0465685	0.3141593	0.63346034	1.0	369	tags=25%, list=17%, signal=28%	
GOBP_CYTOSKELETON_ORGANIZATION	GOBP_CYTOSKELETON_ORGANIZATION		214	-0.21830843	-1.0457568	0.3131313	0.6330683	1.0	370	tags=24%, list=17%, signal=26%	
GOBP_ALPHA_BETA_T_CELL_DIFFERENTIATION	GOBP_ALPHA_BETA_T_CELL_DIFFERENTIATION		18	-0.35302043	-1.0439042	0.3897059	0.63495165	1.0	233	tags=28%, list=10%, signal=31%	
GOBP_TELOMERE_ORGANIZATION	GOBP_TELOMERE_ORGANIZATION		21	-0.3339685	-1.0381091	0.3918575	0.64670485	1.0	487	tags=48%, list=22%, signal=60%	
GOBP_REGULATION_OF_MYELOID_LEUKOCYTE_DIFFERENTIATION	GOBP_REGULATION_OF_MYELOID_LEUKOCYTE_DIFFERENTIATION		24	-0.31943882	-1.0368404	0.4040404	0.64728916	1.0	165	tags=13%, list=7%, signal=13%	
GOBP_REGULATION_OF_EPITHELIAL_CELL_PROLIFERATION	GOBP_REGULATION_OF_EPITHELIAL_CELL_PROLIFERATION		53	-0.27358383	-1.0350862	0.37974682	0.6491359	1.0	504	tags=32%, list=23%, signal=40%	
GOBP_NEGATIVE_REGULATION_OF_CELL_DEVELOPMENT	GOBP_NEGATIVE_REGULATION_OF_CELL_DEVELOPMENT		51	-0.26510853	-1.0335809	0.3888889	0.65040463	1.0	165	tags=12%, list=7%, signal=12%	
GOBP_ENERGY_HOMEOSTASIS	GOBP_ENERGY_HOMEOSTASIS		15	-0.3602775	-1.0319512	0.4262295	0.6520686	1.0	66	tags=13%, list=3%, signal=14%	
GOBP_REGULATION_OF_WOUND_HEALING	GOBP_REGULATION_OF_WOUND_HEALING		23	-0.32456863	-1.031163	0.41192412	0.6516881	1.0	76	tags=13%, list=3%, signal=13%	
GOBP_LIPID_LOCALIZATION	GOBP_LIPID_LOCALIZATION		63	-0.25569752	-1.0308475	0.399361	0.65011996	1.0	85	tags=11%, list=4%, signal=11%	
GOBP_CELLULAR_RESPONSE_TO_INSULIN_STIMULUS	GOBP_CELLULAR_RESPONSE_TO_INSULIN_STIMULUS		25	-0.31468937	-1.0279644	0.4197861	0.65481657	1.0	310	tags=24%, list=14%, signal=28%	
GOBP_MICROTUBULE_BASED_TRANSPORT	GOBP_MICROTUBULE_BASED_TRANSPORT		33	-0.29340133	-1.0277147	0.40710384	0.6529763	1.0	444	tags=30%, list=20%, signal=37%	
GOBP_REGULATION_OF_CELL_DEVELOPMENT	GOBP_REGULATION_OF_CELL_DEVELOPMENT		122	-0.22948577	-1.0264134	0.38321167	0.6538726	1.0	236	tags=14%, list=11%, signal=15%	
GOBP_NEGATIVE_REGULATION_OF_CELLULAR_COMPONENT_ORGANIZATION	GOBP_NEGATIVE_REGULATION_OF_CELLULAR_COMPONENT_ORGANIZATION		121	-0.22577576	-1.019196	0.4	0.6689146	1.0	295	tags=18%, list=13%, signal=20%	
GOBP_REGULATION_OF_HEMOPOIESIS	GOBP_REGULATION_OF_HEMOPOIESIS		61	-0.2558698	-1.015559	0.39444444	0.67552894	1.0	177	tags=13%, list=8%, signal=14%	
GOBP_POSITIVE_REGULATION_OF_EPITHELIAL_CELL_PROLIFERATION	GOBP_POSITIVE_REGULATION_OF_EPITHELIAL_CELL_PROLIFERATION		31	-0.30400044	-1.0111972	0.45135134	0.68377846	1.0	504	tags=35%, list=23%, signal=45%	
GOBP_REGULATION_OF_SYNAPTIC_PLASTICITY	GOBP_REGULATION_OF_SYNAPTIC_PLASTICITY		39	-0.27921468	-1.0093163	0.43678162	0.6860637	1.0	251	tags=15%, list=11%, signal=17%	
GOBP_CD4_POSITIVE_ALPHA_BETA_T_CELL_ACTIVATION	GOBP_CD4_POSITIVE_ALPHA_BETA_T_CELL_ACTIVATION		17	-0.33929774	-1.008	0.44339624	0.6869941	1.0	165	tags=24%, list=7%, signal=25%	
GOBP_RESPONSE_TO_PEPTIDE	GOBP_RESPONSE_TO_PEPTIDE		129	-0.22218089	-1.0046343	0.4814815	0.6931355	1.0	83	tags=7%, list=4%, signal=7%	
GOBP_SIGNAL_RELEASE	GOBP_SIGNAL_RELEASE		70	-0.24413039	-1.0041707	0.45047924	0.69185907	1.0	191	tags=14%, list=9%, signal=15%	
GOBP_REGULATION_OF_PROTEIN_POLYMERIZATION	GOBP_REGULATION_OF_PROTEIN_POLYMERIZATION		27	-0.30395865	-1.0035276	0.44783714	0.6908942	1.0	287	tags=26%, list=13%, signal=29%	
GOBP_PROTEIN_LOCALIZATION_TO_SYNAPSE	GOBP_PROTEIN_LOCALIZATION_TO_SYNAPSE		18	-0.34170225	-1.0032797	0.41666666	0.6890794	1.0	84	tags=11%, list=4%, signal=11%	
GOBP_POSITIVE_REGULATION_OF_GTPASE_ACTIVITY	GOBP_POSITIVE_REGULATION_OF_GTPASE_ACTIVITY		18	-0.33744052	-0.99846375	0.47174448	0.69889206	1.0	282	tags=28%, list=13%, signal=32%	
GOBP_POSITIVE_REGULATION_OF_SMALL_GTPASE_MEDIATED_SIGNAL_TRANSDUCTION	GOBP_POSITIVE_REGULATION_OF_SMALL_GTPASE_MEDIATED_SIGNAL_TRANSDUCTION		22	-0.30908504	-0.9958218	0.46938777	0.70304495	1.0	369	tags=23%, list=17%, signal=27%	
GOBP_NEGATIVE_REGULATION_OF_LYMPHOCYTE_ACTIVATION	GOBP_NEGATIVE_REGULATION_OF_LYMPHOCYTE_ACTIVATION		21	-0.32348466	-0.9948043	0.44444445	0.703163	1.0	165	tags=19%, list=7%, signal=20%	
GOBP_AUTOPHAGOSOME_ORGANIZATION	GOBP_AUTOPHAGOSOME_ORGANIZATION		21	-0.3259706	-0.99455255	0.45384616	0.7014475	1.0	171	tags=24%, list=8%, signal=26%	
GOBP_REGULATION_OF_LEUKOCYTE_DIFFERENTIATION	GOBP_REGULATION_OF_LEUKOCYTE_DIFFERENTIATION		48	-0.27365893	-0.99162906	0.46969697	0.7061477	1.0	233	tags=17%, list=10%, signal=18%	
GOBP_REGULATION_OF_ACTIN_FILAMENT_POLYMERIZATION	GOBP_REGULATION_OF_ACTIN_FILAMENT_POLYMERIZATION		16	-0.34335408	-0.99047416	0.44389027	0.70651925	1.0	287	tags=25%, list=13%, signal=28%	
GOBP_REGULATION_OF_STEROID_METABOLIC_PROCESS	GOBP_REGULATION_OF_STEROID_METABOLIC_PROCESS		18	-0.33584744	-0.98912716	0.49614397	0.7074386	1.0	66	tags=11%, list=3%, signal=11%	
GOBP_REGULATION_OF_EXOCYTOSIS	GOBP_REGULATION_OF_EXOCYTOSIS		36	-0.28404948	-0.9870804	0.47293448	0.71003306	1.0	171	tags=17%, list=8%, signal=18%	
GOBP_POSITIVE_REGULATION_OF_GENE_EXPRESSION	GOBP_POSITIVE_REGULATION_OF_GENE_EXPRESSION		151	-0.21406059	-0.98492664	0.53648067	0.71282023	1.0	165	tags=12%, list=7%, signal=12%	
GOBP_UNSATURATED_FATTY_ACID_METABOLIC_PROCESS	GOBP_UNSATURATED_FATTY_ACID_METABOLIC_PROCESS		16	-0.34320712	-0.9847967	0.47355163	0.71064276	1.0	71	tags=13%, list=3%, signal=13%	
GOBP_PHAGOCYTOSIS	GOBP_PHAGOCYTOSIS		25	-0.3092877	-0.9845608	0.45918366	0.708747	1.0	354	tags=32%, list=16%, signal=38%	
GOBP_MONOCARBOXYLIC_ACID_BIOSYNTHETIC_PROCESS	GOBP_MONOCARBOXYLIC_ACID_BIOSYNTHETIC_PROCESS		29	-0.29346457	-0.9828155	0.48066297	0.7105584	1.0	71	tags=10%, list=3%, signal=11%	
GOBP_POSITIVE_REGULATION_OF_CYTOSKELETON_ORGANIZATION	GOBP_POSITIVE_REGULATION_OF_CYTOSKELETON_ORGANIZATION		24	-0.30647215	-0.980426	0.50119334	0.71391857	1.0	368	tags=38%, list=16%, signal=44%	
GOBP_RHYTHMIC_PROCESS	GOBP_RHYTHMIC_PROCESS		46	-0.26576954	-0.97679055	0.4815951	0.7204906	1.0	355	tags=26%, list=16%, signal=30%	
GOBP_POSITIVE_REGULATION_OF_ENDOTHELIAL_CELL_MIGRATION	GOBP_POSITIVE_REGULATION_OF_ENDOTHELIAL_CELL_MIGRATION		20	-0.31804162	-0.975451	0.5026178	0.7212936	1.0	76	tags=10%, list=3%, signal=10%	
GOBP_MOLTING_CYCLE_PROCESS	GOBP_MOLTING_CYCLE_PROCESS		24	-0.29997745	-0.9721977	0.4879227	0.7268855	1.0	154	tags=8%, list=7%, signal=9%	
GOBP_LYMPHOCYTE_ACTIVATION_INVOLVED_IN_IMMUNE_RESPONSE	GOBP_LYMPHOCYTE_ACTIVATION_INVOLVED_IN_IMMUNE_RESPONSE		19	-0.32373857	-0.972125	0.5125	0.7246398	1.0	475	tags=37%, list=21%, signal=46%	
GOBP_RESPONSE_TO_CORTICOSTEROID	GOBP_RESPONSE_TO_CORTICOSTEROID		21	-0.3181788	-0.9696807	0.49746192	0.7282055	1.0	133	tags=14%, list=6%, signal=15%	
GOBP_ADIPOSE_TISSUE_DEVELOPMENT	GOBP_ADIPOSE_TISSUE_DEVELOPMENT		16	-0.33535436	-0.969312	0.49519232	0.72665685	1.0	156	tags=19%, list=7%, signal=20%	
GOBP_RESPONSE_TO_CALCIUM_ION	GOBP_RESPONSE_TO_CALCIUM_ION		19	-0.31141213	-0.96909094	0.5025773	0.7247734	1.0	133	tags=21%, list=6%, signal=22%	
GOBP_REGULATION_OF_ACTIN_FILAMENT_LENGTH	GOBP_REGULATION_OF_ACTIN_FILAMENT_LENGTH		18	-0.3298279	-0.9686888	0.50507617	0.7233473	1.0	287	tags=22%, list=13%, signal=25%	
GOBP_POSITIVE_REGULATION_OF_MAPK_CASCADE	GOBP_POSITIVE_REGULATION_OF_MAPK_CASCADE		73	-0.23753603	-0.9672176	0.51367784	0.7245417	1.0	269	tags=15%, list=12%, signal=17%	
GOBP_REGULATED_EXOCYTOSIS	GOBP_REGULATED_EXOCYTOSIS		48	-0.257162	-0.9646359	0.5356125	0.7282487	1.0	72	tags=10%, list=3%, signal=11%	
GOBP_POSITIVE_REGULATION_OF_LEUKOCYTE_CELL_CELL_ADHESION	GOBP_POSITIVE_REGULATION_OF_LEUKOCYTE_CELL_CELL_ADHESION		38	-0.26281187	-0.9628233	0.5113636	0.7303501	1.0	233	tags=21%, list=10%, signal=23%	
GOBP_NEGATIVE_REGULATION_OF_RESPONSE_TO_WOUNDING	GOBP_NEGATIVE_REGULATION_OF_RESPONSE_TO_WOUNDING		17	-0.32604465	-0.9608051	0.5012346	0.7328331	1.0	68	tags=12%, list=3%, signal=12%	
GOBP_NEGATIVE_REGULATION_OF_SUPRAMOLECULAR_FIBER_ORGANIZATION	GOBP_NEGATIVE_REGULATION_OF_SUPRAMOLECULAR_FIBER_ORGANIZATION		30	-0.27563623	-0.95831484	0.52380955	0.7363894	1.0	106	tags=10%, list=5%, signal=10%	
GOBP_PROTEIN_TETRAMERIZATION	GOBP_PROTEIN_TETRAMERIZATION		20	-0.31286633	-0.9557832	0.5275	0.7400863	1.0	295	tags=30%, list=13%, signal=34%	
GOBP_ICOSANOID_METABOLIC_PROCESS	GOBP_ICOSANOID_METABOLIC_PROCESS		16	-0.31814963	-0.94801754	0.5367647	0.75611436	1.0	16	tags=6%, list=1%, signal=6%	
GOBP_POSITIVE_REGULATION_OF_INTRACELLULAR_SIGNAL_TRANSDUCTION	GOBP_POSITIVE_REGULATION_OF_INTRACELLULAR_SIGNAL_TRANSDUCTION		174	-0.19830884	-0.9427217	0.62761503	0.76628995	1.0	312	tags=17%, list=14%, signal=18%	
GOBP_MOLTING_CYCLE	GOBP_MOLTING_CYCLE		26	-0.28399503	-0.94193757	0.5703125	0.76571405	1.0	154	tags=8%, list=7%, signal=8%	
GOBP_REGULATION_OF_CYTOSKELETON_ORGANIZATION	GOBP_REGULATION_OF_CYTOSKELETON_ORGANIZATION		81	-0.22143124	-0.9407634	0.6076389	0.7659666	1.0	368	tags=25%, list=16%, signal=28%	
GOBP_HEMOPOIESIS	GOBP_HEMOPOIESIS		144	-0.20573351	-0.9397103	0.5966387	0.76598245	1.0	177	tags=10%, list=8%, signal=10%	
GOBP_COLLAGEN_METABOLIC_PROCESS	GOBP_COLLAGEN_METABOLIC_PROCESS		23	-0.2989386	-0.9392649	0.5070422	0.7645512	1.0	248	tags=17%, list=11%, signal=19%	
GOBP_NEGATIVE_REGULATION_OF_CELL_CELL_ADHESION	GOBP_NEGATIVE_REGULATION_OF_CELL_CELL_ADHESION		31	-0.27899185	-0.9384244	0.6	0.76394653	1.0	310	tags=23%, list=14%, signal=26%	
GOBP_MAPK_CASCADE	GOBP_MAPK_CASCADE		121	-0.20962371	-0.93762875	0.63432837	0.76338845	1.0	269	tags=15%, list=12%, signal=16%	
GOBP_CELLULAR_RESPONSE_TO_OXYGEN_LEVELS	GOBP_CELLULAR_RESPONSE_TO_OXYGEN_LEVELS		31	-0.2730827	-0.9373545	0.5810811	0.7616274	1.0	243	tags=19%, list=11%, signal=21%	
GOBP_POSITIVE_REGULATION_OF_CELL_ACTIVATION	GOBP_POSITIVE_REGULATION_OF_CELL_ACTIVATION		56	-0.24267948	-0.9365242	0.5756579	0.7610631	1.0	340	tags=23%, list=15%, signal=27%	
GOBP_REGULATION_OF_LYMPHOCYTE_DIFFERENTIATION	GOBP_REGULATION_OF_LYMPHOCYTE_DIFFERENTIATION		28	-0.27660283	-0.9362494	0.5668317	0.7592159	1.0	310	tags=25%, list=14%, signal=29%	
GOBP_EPITHELIAL_CELL_PROLIFERATION	GOBP_EPITHELIAL_CELL_PROLIFERATION		65	-0.23486984	-0.9351664	0.6	0.75940615	1.0	513	tags=31%, list=23%, signal=39%	
GOBP_REGULATION_OF_MYELOID_CELL_DIFFERENTIATION	GOBP_REGULATION_OF_MYELOID_CELL_DIFFERENTIATION		38	-0.26342505	-0.9347744	0.55586594	0.7578646	1.0	165	tags=11%, list=7%, signal=11%	
GOBP_REGULATION_OF_LYMPHOCYTE_ACTIVATION	GOBP_REGULATION_OF_LYMPHOCYTE_ACTIVATION		62	-0.22738141	-0.93375826	0.55987054	0.75782067	1.0	340	tags=23%, list=15%, signal=26%	
GOBP_CALCIUM_ION_HOMEOSTASIS	GOBP_CALCIUM_ION_HOMEOSTASIS		39	-0.2563574	-0.93208337	0.58522725	0.7591854	1.0	68	tags=10%, list=3%, signal=10%	
GOBP_CYTOKINESIS	GOBP_CYTOKINESIS		24	-0.29112223	-0.9320692	0.55725193	0.75689524	1.0	282	tags=33%, list=13%, signal=38%	
GOBP_ACTIN_POLYMERIZATION_OR_DEPOLYMERIZATION	GOBP_ACTIN_POLYMERIZATION_OR_DEPOLYMERIZATION		21	-0.29464087	-0.93130356	0.60881543	0.75635153	1.0	287	tags=24%, list=13%, signal=27%	
GOBP_MYELOID_LEUKOCYTE_MEDIATED_IMMUNITY	GOBP_MYELOID_LEUKOCYTE_MEDIATED_IMMUNITY		19	-0.30414242	-0.9280511	0.548926	0.7611522	1.0	72	tags=11%, list=3%, signal=11%	
GOBP_REGULATION_OF_CELLULAR_COMPONENT_BIOGENESIS	GOBP_REGULATION_OF_CELLULAR_COMPONENT_BIOGENESIS		164	-0.19766618	-0.92792445	0.6787149	0.7591116	1.0	375	tags=22%, list=17%, signal=24%	
GOBP_POSITIVE_REGULATION_OF_CELL_CELL_ADHESION	GOBP_POSITIVE_REGULATION_OF_CELL_CELL_ADHESION		46	-0.24242868	-0.92576796	0.63109756	0.76180995	1.0	233	tags=20%, list=10%, signal=21%	
GOBP_RESPONSE_TO_KETONE	GOBP_RESPONSE_TO_KETONE		28	-0.27778074	-0.92474586	0.5521978	0.76184446	1.0	133	tags=14%, list=6%, signal=15%	
GOBP_POSITIVE_REGULATION_OF_CHROMOSOME_ORGANIZATION	GOBP_POSITIVE_REGULATION_OF_CHROMOSOME_ORGANIZATION		15	-0.32197365	-0.91942316	0.5613577	0.7712867	1.0	511	tags=60%, list=23%, signal=77%	
GOBP_CELLULAR_RESPONSE_TO_ABIOTIC_STIMULUS	GOBP_CELLULAR_RESPONSE_TO_ABIOTIC_STIMULUS		59	-0.22850457	-0.91531956	0.6394984	0.778191	1.0	341	tags=20%, list=15%, signal=23%	
GOBP_ACTIN_FILAMENT_POLYMERIZATION	GOBP_ACTIN_FILAMENT_POLYMERIZATION		20	-0.30074075	-0.914836	0.5846154	0.77691275	1.0	287	tags=25%, list=13%, signal=28%	
GOBP_POSITIVE_REGULATION_OF_PROGRAMMED_CELL_DEATH	GOBP_POSITIVE_REGULATION_OF_PROGRAMMED_CELL_DEATH		87	-0.21166106	-0.9124947	0.6688963	0.7798869	1.0	325	tags=17%, list=15%, signal=19%	
GOBP_MUSCLE_CELL_PROLIFERATION	GOBP_MUSCLE_CELL_PROLIFERATION		30	-0.27309334	-0.9121245	0.5974026	0.7783453	1.0	243	tags=20%, list=11%, signal=22%	
GOBP_REGULATION_OF_GLUCOSE_METABOLIC_PROCESS	GOBP_REGULATION_OF_GLUCOSE_METABOLIC_PROCESS		17	-0.3164104	-0.9116947	0.5721785	0.7770565	1.0	310	tags=24%, list=14%, signal=27%	
GOBP_NEGATIVE_REGULATION_OF_CYTOSKELETON_ORGANIZATION	GOBP_NEGATIVE_REGULATION_OF_CYTOSKELETON_ORGANIZATION		30	-0.2675145	-0.90335083	0.61413044	0.792782	1.0	106	tags=10%, list=5%, signal=10%	
GOBP_REGULATION_OF_FAT_CELL_DIFFERENTIATION	GOBP_REGULATION_OF_FAT_CELL_DIFFERENTIATION		20	-0.29604977	-0.8999398	0.58868897	0.7978747	1.0	16	tags=5%, list=1%, signal=5%	
GOBP_LEUKOCYTE_APOPTOTIC_PROCESS	GOBP_LEUKOCYTE_APOPTOTIC_PROCESS		25	-0.28273478	-0.8993879	0.5896226	0.7967478	1.0	567	tags=32%, list=25%, signal=42%	
GOBP_REGULATION_OF_DNA_BINDING_TRANSCRIPTION_FACTOR_ACTIVITY	GOBP_REGULATION_OF_DNA_BINDING_TRANSCRIPTION_FACTOR_ACTIVITY		18	-0.3058948	-0.89797467	0.59697735	0.7974389	1.0	108	tags=11%, list=5%, signal=12%	
GOBP_MULTICELLULAR_ORGANISM_GROWTH	GOBP_MULTICELLULAR_ORGANISM_GROWTH		29	-0.26879784	-0.89601344	0.60335195	0.7994759	1.0	156	tags=14%, list=7%, signal=15%	
GOBP_REGULATION_OF_EPITHELIAL_CELL_DIFFERENTIATION	GOBP_REGULATION_OF_EPITHELIAL_CELL_DIFFERENTIATION		25	-0.27756563	-0.8940234	0.59431523	0.8014081	1.0	726	tags=60%, list=32%, signal=88%	
GOBP_T_CELL_RECEPTOR_SIGNALING_PATHWAY	GOBP_T_CELL_RECEPTOR_SIGNALING_PATHWAY		17	-0.30313426	-0.8923638	0.59193957	0.80252516	1.0	310	tags=29%, list=14%, signal=34%	
GOBP_PHOSPHOLIPID_BIOSYNTHETIC_PROCESS	GOBP_PHOSPHOLIPID_BIOSYNTHETIC_PROCESS		29	-0.26678467	-0.8920306	0.62125343	0.8009422	1.0	100	tags=14%, list=4%, signal=14%	
GOBP_REGULATION_OF_MICROTUBULE_POLYMERIZATION_OR_DEPOLYMERIZATION	GOBP_REGULATION_OF_MICROTUBULE_POLYMERIZATION_OR_DEPOLYMERIZATION		16	-0.3110077	-0.8918923	0.6	0.79891944	1.0	416	tags=44%, list=19%, signal=53%	
GOBP_CARDIAC_MUSCLE_TISSUE_DEVELOPMENT	GOBP_CARDIAC_MUSCLE_TISSUE_DEVELOPMENT		36	-0.2534402	-0.8902501	0.622108	0.8000908	1.0	243	tags=17%, list=11%, signal=18%	
GOBP_CILIUM_OR_FLAGELLUM_DEPENDENT_CELL_MOTILITY	GOBP_CILIUM_OR_FLAGELLUM_DEPENDENT_CELL_MOTILITY		16	-0.31055215	-0.8876564	0.63171357	0.8032916	1.0	505	tags=38%, list=23%, signal=48%	
GOBP_REGULATION_OF_ENDOCYTOSIS	GOBP_REGULATION_OF_ENDOCYTOSIS		42	-0.24248976	-0.8854597	0.6551724	0.8055846	1.0	239	tags=19%, list=11%, signal=21%	
GOBP_RESPONSE_TO_MECHANICAL_STIMULUS	GOBP_RESPONSE_TO_MECHANICAL_STIMULUS		31	-0.25543466	-0.8835945	0.64402175	0.8073061	1.0	544	tags=35%, list=24%, signal=46%	
GOBP_REGULATION_OF_T_CELL_ACTIVATION	GOBP_REGULATION_OF_T_CELL_ACTIVATION		49	-0.23487191	-0.8815624	0.69774014	0.80927753	1.0	233	tags=18%, list=10%, signal=20%	
GOBP_DEVELOPMENT_OF_PRIMARY_FEMALE_SEXUAL_CHARACTERISTICS	GOBP_DEVELOPMENT_OF_PRIMARY_FEMALE_SEXUAL_CHARACTERISTICS		16	-0.3027539	-0.8809802	0.61985475	0.80826557	1.0	308	tags=19%, list=14%, signal=22%	
GOBP_REGULATION_OF_APOPTOTIC_SIGNALING_PATHWAY	GOBP_REGULATION_OF_APOPTOTIC_SIGNALING_PATHWAY		65	-0.22199123	-0.8801321	0.6779141	0.8077132	1.0	44	tags=6%, list=2%, signal=6%	
GOBP_CELL_ACTIVATION_INVOLVED_IN_IMMUNE_RESPONSE	GOBP_CELL_ACTIVATION_INVOLVED_IN_IMMUNE_RESPONSE		34	-0.2447094	-0.8792554	0.6594005	0.80723846	1.0	583	tags=35%, list=26%, signal=47%	
GOBP_VESICLE_MEDIATED_TRANSPORT_IN_SYNAPSE	GOBP_VESICLE_MEDIATED_TRANSPORT_IN_SYNAPSE		41	-0.23913586	-0.87666327	0.67241377	0.81016093	1.0	171	tags=12%, list=8%, signal=13%	
GOBP_REGULATION_OF_RESPONSE_TO_WOUNDING	GOBP_REGULATION_OF_RESPONSE_TO_WOUNDING		29	-0.26372012	-0.87653625	0.6515581	0.80810595	1.0	76	tags=10%, list=3%, signal=11%	
GOBP_SKIN_EPIDERMIS_DEVELOPMENT	GOBP_SKIN_EPIDERMIS_DEVELOPMENT		29	-0.2591056	-0.8763321	0.6381909	0.8062701	1.0	154	tags=7%, list=7%, signal=7%	
GOBP_HORMONE_TRANSPORT	GOBP_HORMONE_TRANSPORT		40	-0.2432301	-0.876235	0.67877096	0.80417967	1.0	156	tags=13%, list=7%, signal=13%	
GOBP_REGULATION_OF_CELL_ACTIVATION	GOBP_REGULATION_OF_CELL_ACTIVATION		80	-0.2090539	-0.875898	0.7167832	0.8026037	1.0	340	tags=20%, list=15%, signal=23%	
GOBP_SENSORY_PERCEPTION_OF_MECHANICAL_STIMULUS	GOBP_SENSORY_PERCEPTION_OF_MECHANICAL_STIMULUS		24	-0.2704453	-0.8725842	0.6493827	0.8070875	1.0	10	tags=4%, list=0%, signal=4%	
GOBP_REGULATION_OF_LEUKOCYTE_MEDIATED_IMMUNITY	GOBP_REGULATION_OF_LEUKOCYTE_MEDIATED_IMMUNITY		33	-0.25522825	-0.8721417	0.6333333	0.8057212	1.0	106	tags=12%, list=5%, signal=13%	
GOBP_NEGATIVE_REGULATION_OF_TRANSMEMBRANE_RECEPTOR_PROTEIN_SERINE_THREONINE_KINASE_SIGNALING_PATHWAY	GOBP_NEGATIVE_REGULATION_OF_TRANSMEMBRANE_RECEPTOR_PROTEIN_SERINE_THREONINE_KINASE_SIGNALING_PATHWAY		25	-0.26790956	-0.8704116	0.66583544	0.8069577	1.0	315	tags=28%, list=14%, signal=32%	
GOBP_ANTIGEN_RECEPTOR_MEDIATED_SIGNALING_PATHWAY	GOBP_ANTIGEN_RECEPTOR_MEDIATED_SIGNALING_PATHWAY		20	-0.28372657	-0.8680971	0.6368159	0.8093363	1.0	310	tags=25%, list=14%, signal=29%	
GOBP_FEMALE_SEX_DIFFERENTIATION	GOBP_FEMALE_SEX_DIFFERENTIATION		18	-0.28983134	-0.8586297	0.638961	0.8253005	1.0	308	tags=17%, list=14%, signal=19%	
GOBP_REGULATION_OF_PROTEIN_DEPOLYMERIZATION	GOBP_REGULATION_OF_PROTEIN_DEPOLYMERIZATION		17	-0.2887256	-0.858175	0.6492891	0.8238565	1.0	374	tags=29%, list=17%, signal=35%	
GOBP_RESPONSE_TO_CAMP	GOBP_RESPONSE_TO_CAMP		16	-0.29238942	-0.85461825	0.6572104	0.8283432	1.0	7	tags=6%, list=0%, signal=6%	
GOBP_NEGATIVE_REGULATION_OF_LEUKOCYTE_CELL_CELL_ADHESION	GOBP_NEGATIVE_REGULATION_OF_LEUKOCYTE_CELL_CELL_ADHESION		22	-0.26878488	-0.85207886	0.6967419	0.8308044	1.0	165	tags=18%, list=7%, signal=19%	
GOBP_GLAND_MORPHOGENESIS	GOBP_GLAND_MORPHOGENESIS		32	-0.2469386	-0.8502174	0.70241284	0.8320931	1.0	52	tags=6%, list=2%, signal=6%	
GOBP_LEARNING_OR_MEMORY	GOBP_LEARNING_OR_MEMORY		40	-0.23529989	-0.84810776	0.71940297	0.83371127	1.0	154	tags=10%, list=7%, signal=11%	
GOBP_CELL_SURFACE_RECEPTOR_PROTEIN_TYROSINE_KINASE_SIGNALING_PATHWAY	GOBP_CELL_SURFACE_RECEPTOR_PROTEIN_TYROSINE_KINASE_SIGNALING_PATHWAY		117	-0.19049588	-0.8480623	0.84476537	0.8315271	1.0	100	tags=7%, list=4%, signal=7%	
GOBP_CELL_JUNCTION_ASSEMBLY	GOBP_CELL_JUNCTION_ASSEMBLY		82	-0.20068723	-0.84729403	0.7359736	0.8306353	1.0	67	tags=6%, list=3%, signal=6%	
GOBP_MUSCLE_CELL_DIFFERENTIATION	GOBP_MUSCLE_CELL_DIFFERENTIATION		56	-0.21704385	-0.8461425	0.7446808	0.83042747	1.0	243	tags=14%, list=11%, signal=16%	
GOBP_PYRIDINE_CONTAINING_COMPOUND_METABOLIC_PROCESS	GOBP_PYRIDINE_CONTAINING_COMPOUND_METABOLIC_PROCESS		23	-0.26581478	-0.8453844	0.68421054	0.82957596	1.0	142	tags=13%, list=6%, signal=14%	
GOBP_COGNITION	GOBP_COGNITION		42	-0.22884269	-0.845063	0.7267267	0.8279221	1.0	154	tags=10%, list=7%, signal=10%	
GOBP_CYTOSKELETON_DEPENDENT_CYTOKINESIS	GOBP_CYTOSKELETON_DEPENDENT_CYTOKINESIS		17	-0.2830827	-0.8429024	0.65931374	0.8294332	1.0	423	tags=41%, list=19%, signal=50%	
GOBP_RESPONSE_TO_INSULIN	GOBP_RESPONSE_TO_INSULIN		33	-0.24628657	-0.8428233	0.71549296	0.82738006	1.0	66	tags=9%, list=3%, signal=9%	
GOBP_VACUOLAR_LOCALIZATION	GOBP_VACUOLAR_LOCALIZATION		18	-0.28241247	-0.84200215	0.65617436	0.82661825	1.0	164	tags=17%, list=7%, signal=18%	
GOBP_SYNAPTIC_SIGNALING	GOBP_SYNAPTIC_SIGNALING		121	-0.18260117	-0.8297538	0.86585367	0.8461339	1.0	327	tags=14%, list=15%, signal=16%	
GOBP_RAS_PROTEIN_SIGNAL_TRANSDUCTION	GOBP_RAS_PROTEIN_SIGNAL_TRANSDUCTION		16	-0.2902192	-0.82714623	0.69251335	0.848287	1.0	9	tags=6%, list=0%, signal=6%	
GOBP_REGULATION_OF_POSTSYNAPTIC_MEMBRANE_NEUROTRANSMITTER_RECEPTOR_LEVELS	GOBP_REGULATION_OF_POSTSYNAPTIC_MEMBRANE_NEUROTRANSMITTER_RECEPTOR_LEVELS		21	-0.26393637	-0.82017815	0.7250608	0.8577464	1.0	149	tags=14%, list=7%, signal=15%	
GOBP_POSITIVE_REGULATION_OF_JNK_CASCADE	GOBP_POSITIVE_REGULATION_OF_JNK_CASCADE		22	-0.26410332	-0.8182371	0.72625697	0.8587326	1.0	154	tags=14%, list=7%, signal=15%	
GOBP_EPIDERMIS_DEVELOPMENT	GOBP_EPIDERMIS_DEVELOPMENT		67	-0.20122214	-0.81730336	0.7957958	0.85799575	1.0	283	tags=13%, list=13%, signal=15%	
GOBP_ALPHA_BETA_T_CELL_ACTIVATION	GOBP_ALPHA_BETA_T_CELL_ACTIVATION		27	-0.23829639	-0.81303006	0.7417722	0.8628333	1.0	268	tags=22%, list=12%, signal=25%	
GOBP_ASTROCYTE_DIFFERENTIATION	GOBP_ASTROCYTE_DIFFERENTIATION		19	-0.26860428	-0.8119183	0.7352941	0.8624162	1.0	233	tags=16%, list=10%, signal=17%	
GOBP_SMALL_MOLECULE_BIOSYNTHETIC_PROCESS	GOBP_SMALL_MOLECULE_BIOSYNTHETIC_PROCESS		78	-0.1968483	-0.81094694	0.85396826	0.8617906	1.0	120	tags=9%, list=5%, signal=9%	
GOBP_POSITIVE_REGULATION_OF_HEMOPOIESIS	GOBP_POSITIVE_REGULATION_OF_HEMOPOIESIS		28	-0.24171777	-0.81010437	0.7654639	0.86081636	1.0	177	tags=18%, list=8%, signal=19%	
GOBP_CEREBRAL_CORTEX_DEVELOPMENT	GOBP_CEREBRAL_CORTEX_DEVELOPMENT		16	-0.28192028	-0.8096918	0.7369792	0.85925066	1.0	295	tags=25%, list=13%, signal=29%	
GOBP_REGULATION_OF_LYMPHOCYTE_MEDIATED_IMMUNITY	GOBP_REGULATION_OF_LYMPHOCYTE_MEDIATED_IMMUNITY		21	-0.2559715	-0.80418885	0.72031665	0.86575973	1.0	316	tags=24%, list=14%, signal=27%	
GOBP_ALCOHOL_BIOSYNTHETIC_PROCESS	GOBP_ALCOHOL_BIOSYNTHETIC_PROCESS		17	-0.26491085	-0.8038149	0.7369727	0.86412776	1.0	66	tags=12%, list=3%, signal=12%	
GOBP_STRIATED_MUSCLE_CELL_DIFFERENTIATION	GOBP_STRIATED_MUSCLE_CELL_DIFFERENTIATION		35	-0.22497122	-0.8022128	0.8095238	0.8643195	1.0	307	tags=17%, list=14%, signal=20%	
GOBP_VIRAL_LIFE_CYCLE	GOBP_VIRAL_LIFE_CYCLE		41	-0.21720487	-0.801502	0.82535213	0.8632287	1.0	356	tags=20%, list=16%, signal=23%	
GOBP_REGULATION_OF_NEURAL_PRECURSOR_CELL_PROLIFERATION	GOBP_REGULATION_OF_NEURAL_PRECURSOR_CELL_PROLIFERATION		20	-0.26102933	-0.8000392	0.7334963	0.8630887	1.0	13	tags=5%, list=1%, signal=5%	
GOBP_FATTY_ACID_TRANSPORT	GOBP_FATTY_ACID_TRANSPORT		17	-0.2655094	-0.79722226	0.7469586	0.8651718	1.0	283	tags=24%, list=13%, signal=27%	
GOBP_FATTY_ACID_METABOLIC_PROCESS	GOBP_FATTY_ACID_METABOLIC_PROCESS		49	-0.21212237	-0.79628724	0.8477612	0.864409	1.0	113	tags=10%, list=5%, signal=11%	
GOBP_STEROL_HOMEOSTASIS	GOBP_STEROL_HOMEOSTASIS		18	-0.25996044	-0.7935905	0.7302799	0.86612946	1.0	16	tags=6%, list=1%, signal=6%	
GOBP_EPITHELIAL_CELL_DEVELOPMENT	GOBP_EPITHELIAL_CELL_DEVELOPMENT		49	-0.21436282	-0.7876491	0.8167702	0.87263566	1.0	74	tags=6%, list=3%, signal=6%	
GOBP_CELLULAR_RESPONSE_TO_XENOBIOTIC_STIMULUS	GOBP_CELLULAR_RESPONSE_TO_XENOBIOTIC_STIMULUS		26	-0.23449832	-0.78319025	0.76811594	0.8767316	1.0	114	tags=12%, list=5%, signal=12%	
GOBP_RESPONSE_TO_ETHANOL	GOBP_RESPONSE_TO_ETHANOL		17	-0.26151666	-0.7814547	0.7882038	0.87684333	1.0	133	tags=18%, list=6%, signal=19%	
GOBP_MUSCLE_TISSUE_DEVELOPMENT	GOBP_MUSCLE_TISSUE_DEVELOPMENT		60	-0.19860932	-0.78057563	0.8769716	0.8758097	1.0	599	tags=33%, list=27%, signal=44%	
GOBP_REGULATION_OF_CELL_SHAPE	GOBP_REGULATION_OF_CELL_SHAPE		20	-0.26455826	-0.77841073	0.74873096	0.87665635	1.0	227	tags=20%, list=10%, signal=22%	
GOBP_REGULATION_OF_RESPONSE_TO_CYTOKINE_STIMULUS	GOBP_REGULATION_OF_RESPONSE_TO_CYTOKINE_STIMULUS		29	-0.22793709	-0.7761159	0.79022986	0.87762403	1.0	310	tags=17%, list=14%, signal=20%	
GOBP_BIOLOGICAL_PROCESS_INVOLVED_IN_INTERACTION_WITH_HOST	GOBP_BIOLOGICAL_PROCESS_INVOLVED_IN_INTERACTION_WITH_HOST		25	-0.23300658	-0.7633916	0.80474937	0.8925475	1.0	307	tags=20%, list=14%, signal=23%	
GOBP_NEGATIVE_REGULATION_OF_EPITHELIAL_CELL_PROLIFERATION	GOBP_NEGATIVE_REGULATION_OF_EPITHELIAL_CELL_PROLIFERATION		21	-0.24487585	-0.7599744	0.79946524	0.8946129	1.0	6	tags=5%, list=0%, signal=5%	
GOBP_MYOBLAST_DIFFERENTIATION	GOBP_MYOBLAST_DIFFERENTIATION		16	-0.25585413	-0.7552228	0.791866	0.8982948	1.0	516	tags=38%, list=23%, signal=48%	
GOBP_RHO_PROTEIN_SIGNAL_TRANSDUCTION	GOBP_RHO_PROTEIN_SIGNAL_TRANSDUCTION		22	-0.23205635	-0.75504667	0.79373366	0.89629865	1.0	233	tags=18%, list=10%, signal=20%	
GOBP_MESODERM_MORPHOGENESIS	GOBP_MESODERM_MORPHOGENESIS		15	-0.26505578	-0.75344694	0.774942	0.89594066	1.0	239	tags=20%, list=11%, signal=22%	
GOBP_LIPID_OXIDATION	GOBP_LIPID_OXIDATION		15	-0.25618446	-0.74019814	0.80748665	0.9097456	1.0	295	tags=27%, list=13%, signal=31%	
GOBP_SKIN_DEVELOPMENT	GOBP_SKIN_DEVELOPMENT		52	-0.19267006	-0.7394123	0.88724035	0.9083995	1.0	239	tags=10%, list=11%, signal=11%	
GOBP_EXTRINSIC_APOPTOTIC_SIGNALING_PATHWAY_VIA_DEATH_DOMAIN_RECEPTORS	GOBP_EXTRINSIC_APOPTOTIC_SIGNALING_PATHWAY_VIA_DEATH_DOMAIN_RECEPTORS		15	-0.25876877	-0.7355946	0.78316325	0.9105547	1.0	464	tags=40%, list=21%, signal=50%	
GOBP_FOREBRAIN_DEVELOPMENT	GOBP_FOREBRAIN_DEVELOPMENT		61	-0.18406498	-0.73362577	0.8909091	0.9104917	1.0	164	tags=8%, list=7%, signal=9%	
GOBP_STEM_CELL_PROLIFERATION	GOBP_STEM_CELL_PROLIFERATION		15	-0.25731418	-0.7172035	0.8518519	0.92577225	1.0	455	tags=33%, list=20%, signal=42%	
GOBP_CYTOKINE_PRODUCTION	GOBP_CYTOKINE_PRODUCTION		92	-0.16708365	-0.7118913	0.94612795	0.9290307	1.0	380	tags=17%, list=17%, signal=20%	
GOBP_POSTSYNAPSE_ORGANIZATION	GOBP_POSTSYNAPSE_ORGANIZATION		33	-0.20249486	-0.70792603	0.9011628	0.93066585	1.0	52	tags=6%, list=2%, signal=6%	
GOBP_HOMEOSTASIS_OF_NUMBER_OF_CELLS	GOBP_HOMEOSTASIS_OF_NUMBER_OF_CELLS		57	-0.17731646	-0.67714286	0.95046437	0.95534146	1.0	480	tags=25%, list=21%, signal=30%	
GOBP_GLIAL_CELL_DEVELOPMENT	GOBP_GLIAL_CELL_DEVELOPMENT		22	-0.21653973	-0.6751554	0.870229	0.95464456	1.0	9	tags=5%, list=0%, signal=5%	
GOBP_POSITIVE_REGULATION_OF_ORGANELLE_ASSEMBLY	GOBP_POSITIVE_REGULATION_OF_ORGANELLE_ASSEMBLY		17	-0.23126128	-0.6729302	0.89125293	0.95414156	1.0	368	tags=24%, list=16%, signal=28%	
GOBP_GLIAL_CELL_DIFFERENTIATION	GOBP_GLIAL_CELL_DIFFERENTIATION		42	-0.1829429	-0.67144567	0.9254144	0.9529927	1.0	261	tags=12%, list=12%, signal=13%	
GOBP_GLIOGENESIS	GOBP_GLIOGENESIS		53	-0.1667207	-0.6535063	0.94578314	0.96313125	1.0	261	tags=11%, list=12%, signal=13%	
GOBP_CENTRAL_NERVOUS_SYSTEM_NEURON_DIFFERENTIATION	GOBP_CENTRAL_NERVOUS_SYSTEM_NEURON_DIFFERENTIATION		30	-0.1884116	-0.64864635	0.93041235	0.96398026	1.0	164	tags=10%, list=7%, signal=11%	
GOBP_DETECTION_OF_ABIOTIC_STIMULUS	GOBP_DETECTION_OF_ABIOTIC_STIMULUS		15	-0.22442542	-0.64751554	0.89528793	0.962399	1.0	1737	tags=100%, list=78%, signal=446%	
GOBP_POSITIVE_REGULATION_OF_PLASMA_MEMBRANE_BOUNDED_CELL_PROJECTION_ASSEMBLY	GOBP_POSITIVE_REGULATION_OF_PLASMA_MEMBRANE_BOUNDED_CELL_PROJECTION_ASSEMBLY		15	-0.22258694	-0.644883	0.8880208	0.96171105	1.0	651	tags=53%, list=29%, signal=75%	
GOBP_POSITIVE_REGULATION_OF_CELL_JUNCTION_ASSEMBLY	GOBP_POSITIVE_REGULATION_OF_CELL_JUNCTION_ASSEMBLY		18	-0.21677253	-0.63704574	0.9056604	0.9641911	1.0	233	tags=17%, list=10%, signal=18%	
GOBP_PALLIUM_DEVELOPMENT	GOBP_PALLIUM_DEVELOPMENT		23	-0.20107779	-0.6358113	0.92467535	0.96254295	1.0	295	tags=17%, list=13%, signal=20%	
GOBP_MYELOID_CELL_ACTIVATION_INVOLVED_IN_IMMUNE_RESPONSE	GOBP_MYELOID_CELL_ACTIVATION_INVOLVED_IN_IMMUNE_RESPONSE		16	-0.20892532	-0.6229385	0.8965517	0.9672251	1.0	690	tags=44%, list=31%, signal=63%	
GOBP_MONOCARBOXYLIC_ACID_TRANSPORT	GOBP_MONOCARBOXYLIC_ACID_TRANSPORT		25	-0.18622574	-0.61180073	0.95187163	0.9706354	1.0	405	tags=24%, list=18%, signal=29%	
GOBP_LYMPHOCYTE_MIGRATION	GOBP_LYMPHOCYTE_MIGRATION		15	-0.1838666	-0.5299945	0.9604938	0.9969805	1.0	1827	tags=100%, list=82%, signal=545%	
GOBP_APPENDAGE_MORPHOGENESIS	GOBP_APPENDAGE_MORPHOGENESIS		20	-0.17157997	-0.52943873	0.9838275	0.9947733	1.0	374	tags=20%, list=17%, signal=24%	
GOBP_DIENCEPHALON_DEVELOPMENT	GOBP_DIENCEPHALON_DEVELOPMENT		15	-0.18251465	-0.5292467	0.9657702	0.99249977	1.0	1830	tags=100%, list=82%, signal=549%	
GOBP_EXTERNAL_ENCAPSULATING_STRUCTURE_ORGANIZATION	GOBP_EXTERNAL_ENCAPSULATING_STRUCTURE_ORGANIZATION		62	-0.12874982	-0.5152802	1.0	0.99320877	1.0	308	tags=11%, list=14%, signal=13%	
GOBP_CALCIUM_ION_TRANSMEMBRANE_IMPORT_INTO_CYTOSOL	GOBP_CALCIUM_ION_TRANSMEMBRANE_IMPORT_INTO_CYTOSOL		20	-0.16649829	-0.5019014	0.9882075	0.9933136	1.0	599	tags=30%, list=27%, signal=41%	
GOBP_POSITIVE_REGULATION_OF_CYTOSOLIC_CALCIUM_ION_CONCENTRATION	GOBP_POSITIVE_REGULATION_OF_CYTOSOLIC_CALCIUM_ION_CONCENTRATION		16	-0.15915239	-0.45046562	0.99515736	0.99766093	1.0	1882	tags=100%, list=84%, signal=630%	
GOBP_INTERLEUKIN_6_PRODUCTION	GOBP_INTERLEUKIN_6_PRODUCTION		23	-0.1388512	-0.43875626	1.0	0.99631464	1.0	1928	tags=100%, list=86%, signal=723%	
